Kode,Nama,Harga,BV,ROE%,DER%,PBV,EPS,PER,Yield%,Market Cap
AADI,PT Adaro Andalan Indonesia Tbk,12100.0,0.461,23.3,25.672,26247.29,1740.85,6.950628,8.26,94221390315520.0
AALI,PT Astra Agro Lestari Tbk,8575.0,12468.559,8.1,,0.68772984,988.44,8.675286,5.37,16504202461184.0
ABDA,PT Asuransi Bina Dana Arta Tbk,4880.0,2898.079,6.64,,1.683874,217.35,22.452265,,3029536604160.0
ABMM,PT ABM Investama Tbk,2730.0,0.323,9.49,103.092,8452.012,503.84,5.418387,3.62,7516140863488.0
ACES,PT Aspirasi Hidup Indonesia Tbk,324.0,371.725,12.12,15.331,0.8716121,44.64,7.2580647,9.88,5547006361600.0
ACRO,PT Samcro Hyosung Adilestari Tbk,54.0,52.398,,24.763,1.0305737,,,6.02,187344666624.0
ACST,PT Acset Indonusa Tbk,87.0,-35.949,,,-2.420095,-57.34,,,1537738932224.0
ADES,PT Akasha Wira International Tbk,35100.0,5985.672,31.29,,5.864003,1619.85,21.668673,,20705378828288.0
ADMF,PT Adira Dinamika Multi Finance Tbk,8400.0,12619.614,13.76,126.491,0.66563046,1560.0,5.3846154,7.5,10298290339840.0
ADMG,PT. Polychem Indonesia Tbk,232.0,0.03,2.57,0.0,7733.3335,13.25,17.509434,,902289686528.0
ADMR,PT Alamtri Minerals Indonesia Tbk,1495.0,0.04,17.25,103.461,37375.0,126.52,11.816314,3.35,61119087509504.0
ADRO,PT Alamtri Resources Indonesia Tbk,2600.0,0.16,12.34,37.824,16250.0,339.58,7.656517,9.1,74881286799360.0
AEGS,PT. Anugerah Spareparts Sejahtera Tbk,50.0,68.956,0.78,0.416,0.72510004,,,,50304036864.0
AGAR,PT Asia Sejahtera Mina Tbk,1825.0,113.037,6.5,43.373,16.145155,1.99,917.08545,,1824999997440.0
AGII,PT Samator Indo Gas Tbk,3220.0,1234.615,2.77,101.357,2.6081004,33.0,97.57576,0.35,9874645712896.0
AGRO,PT Bank Raya Indonesia Tbk,140.0,118.199,-16.19,,1.1844432,-21.04,,,1530192986112.0
AGRS,PT Bank IBK Indonesia Tbk,60.0,123.672,3.76,,0.4851543,5.83,10.291595,,2871863017472.0
AHAP,PT Asuransi Harta Aman Pratama Tbk,93.0,35.167,-9.94,19.505,2.6445248,-2.968,,,575621038080.0
AIMS,PT Artha Mahiya Investama Tbk,990.0,1.295,,482.391,764.47876,18.653,53.074574,,217799999488.0
AISA,PT FKS Food Sejahtera Tbk,115.0,127.563,7.7,21.452,0.9015153,9.42,12.208068,,437657796608.0
AKKU,PT Anugerah Kagum Karya Utama Tbk,71.0,60.783,-6.45,18.069,1.1680897,0.113,628.3186,,457911926784.0
AKPI,PT Argha Karya Prima Industry Tbk,515.0,3162.098,4.7,80.938,0.16286656,141.68,3.6349523,1.61,315307720704.0
AKRA,PT AKR Corporindo Tbk,1500.0,654.471,19.52,33.327,2.2919273,135.81,11.044843,6.58,29699652714496.0
AKSI,PT Mineral Sumberdaya Mandiri Tbk,332.0,221.654,-9.49,71.852,1.4978299,25.47,13.034944,,239040004096.0
ALDO,PT Alkindo Naratama Tbk,1275.0,411.346,8.46,57.506,3.0995803,34.29,37.18285,0.04,3436435210240.0
ALII,PT Ancara Logistics Indonesia Tbk,690.0,135.437,22.93,17.595,5.0946198,26.68,25.862068,1.84,10919802306560.0
ALKA,PT Alakasa Industrindo Tbk,7550.0,461.036,8.81,,16.376162,37.913,199.14015,,3832871124992.0
AMAG,PT Asuransi Multi Artha Guna Tbk,388.0,431.992,9.59,,0.89816475,50.37,7.702998,7.73,1918949654528.0
AMAN,PT Makmur Berkah Amanda Tbk,218.0,219.379,5.78,37.361,0.9937141,11.9,18.319328,,844422971392.0
AMAR,PT Bank Amar Indonesia Tbk,232.0,190.856,8.09,,1.2155762,16.0,14.5,5.02,4179172261888.0
AMFG,PT Asahimas Flat Glass Tbk,3260.0,11022.24,2.42,26.366,0.29576564,259.66,12.554879,2.42,1414840057856.0
AMIN,PT Ateliers Mecaniques D'Indonesie Tbk,256.0,189.29,16.31,5.51,1.3524222,-15.726,,3.91,276480000000.0
AMMN,PT Amman Mineral Internasional Tbk,4530.0,0.08,16.63,100.183,56625.0,-92.61,,,328028227895296.0
AMMS,PT Agung Menjangan Mas Tbk,212.0,58.779,-3.78,,3.6067302,,,,254400004096.0
AMOR,PT Ashmore Asset Management Indonesia Tbk,364.0,134.028,29.39,2.621,2.7158504,38.0,9.578947,8.65,797628563456.0
AMRT,PT Sumber Alfaria Trijaya Tbk,1225.0,433.195,20.03,14.109,2.8278258,83.9,14.600715,3.31,50337494859776.0
ANDI,"PT Andira Agro, Tbk",23.0,11.209,-29.59,134.203,2.0519226,-4.08,,,215049994240.0
ANJT,PT Austindo Nusantara Jaya Tbk,1500.0,1267.619,-9.62,49.173,1.1833209,-126.95,,,5031262683136.0
ANTM,PT Antam (Persero) Tbk,3230.0,1550.929,26.83,15.598,2.0826228,370.4,8.720303,6.46,77619370393600.0
APEX,PT Apexindo Pratama Duta Tbk,179.0,0.02,8.54,168.791,8950.0,26.99,6.632086,,634817544192.0
APIC,PT Pacific Strategic Financial Tbk,402.0,264.712,3.67,51.711,1.5186316,-5.4,,,4730058178560.0
APII,PT Arita Prima Indonesia Tbk,190.0,377.747,2.64,34.313,0.50298214,18.782,10.116069,2.09,204394397696.0
APLI,PT Asiaplast Industries Tbk,282.0,215.407,4.62,23.193,1.3091496,10.7,26.35514,15.73,384273317888.0
APLN,PT Agung Podomoro Land Tbk,106.0,516.531,6.1,37.324,0.20521517,17.25,6.1449275,,2406128812032.0
ARCI,PT Archi Indonesia Tbk,1265.0,0.016,41.33,118.826,79062.5,102.79,12.306644,3.19,31922273124352.0
AREA,PT Dunia Virtual Online Tbk,334.0,96.161,3.37,7.937,3.4733415,,,,848226680832.0
ARGO,PT Argo Pantes Tbk,1165.0,50.26,17.83,506.29,23.179468,8.23,141.5553,,3698104991744.0
ARII,PT Atlas Resources Tbk,362.0,0.021,13.05,83.264,17238.096,23.59,15.345486,,1357499990016.0
ARKO,PT Arkora Hydro Tbk,2810.0,188.394,12.23,191.995,14.915549,20.78,135.22618,,8229071355904.0
ARNA,PT Arwana Citramulia Tbk,515.0,258.499,23.68,0.778,1.9922708,58.15,8.856405,8.65,3620438278144.0
ARTA,PT Arthavest Tbk,1810.0,323.1,-3.2,,5.6019807,-8.97,,,808480276480.0
ARTO,PT Bank Jago Tbk,795.0,651.196,3.82,,1.2208307,23.44,33.91638,,11019757813760.0
ASBI,PT Asuransi Bintang Tbk,392.0,1334.814,4.45,0.949,0.29367387,49.186,7.9697475,1.45,136567496704.0
ASDM,PT Asuransi Dayin Mitra Tbk,510.0,940.931,5.37,1.238,0.5420163,41.0,12.439024,6.27,195840000000.0
ASGR,PT Astra Graphia Tbk,2500.0,1442.77,15.49,1.304,1.732778,224.53,11.13437,23.48,3371951456256.0
ASHA,PT Cilacap Samudera Fishing Industry Tbk,46.0,21.666,-14.09,3.062,2.1231422,-3.15,,,230000001024.0
ASII,PT Astra International Tbk,4780.0,5763.218,11.98,41.125,0.8293978,740.0,6.4594593,8.09,190817897545728.0
ASJT,PT Asuransi Jasa Tania Tbk,161.0,217.258,-0.02,,0.7410544,-0.01,,0.59,225399996416.0
ASLC,PT Autopedia Sukses Lestari Tbk,57.0,59.446,4.29,2.663,0.9588534,2.51,22.709164,1.72,726542188544.0
ASLI,PT Asri Karya Lestari Tbk,464.0,58.259,-24.98,5.792,7.9644346,-18.42,,,2899999981568.0
ASMI,PT Asuransi Maximus Graha Persada Tbk,44.0,28.908,-20.88,0.013,1.5220699,-10.09,,,394168729600.0
ASPI,PT Andalan Sakti Primaindo Tbk,980.0,71.069,-19.98,46.847,13.789416,-1.354,,,670134566912.0
ASPR,PT Asia Pramulia Tbk,143.0,65.359,6.5,59.868,2.187916,,,0.44,387815997440.0
ASRI,PT Alam Sutera Realty Tbk,116.0,585.861,2.5,51.402,0.19799918,14.47,8.016586,1.26,2279331594240.0
ASRM,PT Asuransi Ramayana Tbk,270.0,607.148,0.84,17.379,0.44470212,3.96,68.181816,1.1,345057853440.0
ASSA,PT Adi Sarana Armada Tbk,570.0,612.515,18.16,129.162,0.93058944,112.0,5.089286,8.55,2103948345344.0
ATAP,PT Trimitra Prawara Goldland Tbk,610.0,62.034,2.25,11.945,9.833317,3.275,186.25954,,762500022272.0
ATIC,PT Anabatic Technologies Tbk,438.0,269.27,37.08,285.562,1.6266202,59.7,7.3366833,,1267660357632.0
ATLA,PT Atlantis Subsea Indonesia Tbk,34.0,26.838,1.12,,1.2668605,0.29,117.24139,1.61,210785632256.0
AUTO,PT Astra Otoparts Tbk,3440.0,3317.761,15.29,3.433,1.0368438,508.39,6.7664585,6.76,16579881336832.0
AVIA,PT Avia Avian Tbk,338.0,162.641,19.88,0.242,2.0781968,31.94,10.582342,6.69,19984405233664.0
AWAN,PT Era Digital Media Tbk,158.0,21.254,-10.78,13.461,7.433895,,,,542729994240.0
AXIO,PT Tera Data Indonusa Tbk,125.0,91.462,13.73,55.415,1.3666879,,,7.5,730015793152.0
AYAM,PT Janu Putra Sejahtera Tbk.,530.0,52.868,0.76,7.443,10.024968,0.4,1325.0,,2119999946752.0
AYLS,PT Arkayana Lestari Grup Tbk,198.0,37.809,-22.23,,5.236849,-2.127,,,168977793024.0
BABP,PT Bank MNC Internasional Tbk,30.0,85.265,2.19,,0.35184425,1.86,16.129032,,1333769928704.0
BABY,PT Multitrend Indo Tbk,190.0,211.163,1.08,52.027,0.89977884,,,,542417027072.0
BACA,PT Bank Capital Indonesia Tbk,110.0,341.32,2.12,,0.3222782,7.14,15.406163,,2194832752640.0
BAIK,PT Bersama Mencapai Puncak Tbk,232.0,121.231,2.52,1.015,1.9137019,,,,261579440128.0
BAJA,PT Saranacentral Bajatama Tbk,308.0,23.711,3.46,983.99,12.989752,0.78,394.8718,,554400022528.0
BALI,PT Bali Towerindo Sentra Tbk,1470.0,617.894,7.29,145.138,2.3790488,42.72,34.41011,1.92,5783850844160.0
BANK,PT Bank Aladin Syariah Tbk,244.0,234.799,3.33,,1.0391867,5.42,45.018448,,3437894303744.0
BAPA,PT Bekasi Asri Pemula Tbk,104.0,170.312,-4.2,2.661,0.610644,-6.74,,,68825587712.0
BAPI,PT Bhakti Agung Propertindo Tbk,21.0,71.087,-5.33,42.909,0.29541266,-0.18,,,117431582720.0
BATR,PT Benteng Api Technic Tbk,94.0,54.116,10.06,24.999,1.7370094,,,2.11,279733633024.0
BAUT,PT Mitra Angkasa Sejahtera Tbk,33.0,34.959,-2.74,10.095,0.94396293,,,,158406033408.0
BAYU,PT Bayu Buana Tbk,1320.0,1680.813,23.26,,0.7853342,23.536,56.084297,7.63,466251415552.0
BBCA,PT Bank Central Asia Tbk,6050.0,2201.512,21.82,,2.7481112,472.0,12.817797,6.25,743192618074112.0
BBHI,PT Allo Bank Indonesia Tbk,800.0,339.677,7.95,,2.3551786,26.76,29.895367,1.66,17287118585856.0
BBKP,PT Bank KB Indonesia Tbk,44.0,44.117,-2.92,,0.99734795,-1.27,,,8267051302912.0
BBLD,PT Buana Finance Tbk,670.0,867.531,0.24,426.902,0.7723067,7.08,94.63277,0.37,1102683439104.0
BBMD,PT Bank Mestika Dharma Tbk,2040.0,1329.142,5.64,,1.5348247,74.7,27.309238,1.09,8219413970944.0
BBNI,PT Bank Negara Indonesia (Persero) Tbk,3440.0,4411.86,12.45,,0.7797165,555.0,6.1981983,10.1,128163384393728.0
BBRI,PT Bank Rakyat Indonesia (Persero) Tbk,3140.0,2136.41,18.99,,1.4697554,407.0,7.7149878,13.44,473148361277440.0
BBRM,PT Pelayaran Nasional Bina Buana Raya Tbk,111.0,0.006,14.9,15.04,18500.0,12.92,8.5913315,,941223444480.0
BBSI,PT Krom Bank Indonesia Tbk,4080.0,970.242,5.49,,4.2051363,71.0,57.46479,,14992870998016.0
BBSS,PT Bumi Benowo Sukses Sejahtera Tbk,91.0,51.139,-0.23,,1.7794638,-0.12,,,436801437696.0
BBTN,PT Bank Tabungan Negara (Persero) Tbk,1065.0,2676.114,11.74,,0.3979651,303.6,3.507905,,14946683322368.0
BBYB,PT Bank Neo Commerce Tbk,200.0,331.036,14.07,,0.6041639,43.78,4.568296,,2670096285696.0
BCAP,PT MNC Kapital Indonesia Tbk,31.0,106.46,5.37,68.481,0.2911892,6.71,4.6199703,,1321184395264.0
BCIC,PT Bank JTrust Indonesia Tbk,130.0,216.504,-11.71,,0.6004508,-25.27,,,2354289836032.0
BCIP,PT Bumi Citra Permai Tbk,55.0,354.887,3.82,2.501,0.15497892,10.86,5.064457,,78645354496.0
BDKR,PT Berdikari Pondasi Perkasa Tbk,216.0,172.478,3.35,19.858,1.2523336,5.86,36.86007,1.26,974056849408.0
BDMN,PT Bank Danamon Indonesia Tbk,4950.0,5557.802,8.74,,0.8906399,487.3,10.158013,2.9,48379086241792.0
BEEF,PT Estika Tata Tiara Tbk,428.0,46.601,21.98,385.076,9.184352,9.56,44.76987,,3475466616832.0
BEER,PT Jobubu Jarum Minahasa Tbk,62.0,58.635,0.4,4.681,1.057389,,,,248000004096.0
BEKS,"PT. Bank Pembangunan Daerah Banten, Tbk",36.0,36.806,,,0.97810143,1.3,27.692308,,1867335729152.0
BELI,PT Global Digital Niaga Tbk,280.0,66.675,-18.42,39.66,4.199475,-13.09,,,38421313617920.0
BELL,PT Trisula Textile Industries Tbk,98.0,33.187,6.36,60.958,2.9529636,0.065,1507.6924,1.42,706818211840.0
BESS,PT Batulicin Nusantara Maritim Tbk,845.0,185.873,1.74,1.573,4.546115,3.43,246.35568,0.55,2907184824320.0
BEST,PT Bekasi Fajar Industrial Estate Tbk,122.0,476.793,5.2,23.286,0.25587624,24.15,5.0517597,,1176971902976.0
BFIN,PT BFI Finance Indonesia Tbk,925.0,742.062,15.36,118.348,1.2465266,108.0,8.564815,7.57,13643179622400.0
BGTG,PT Bank Ganesha Tbk,106.0,156.942,6.37,,0.6754087,9.67,10.961738,,2540925616128.0
BHIT,PT MNC Asia Holding Tbk,23.0,197.079,2.78,24.8,0.11670447,4.52,5.0884957,,1921483145216.0
BIKE,PT Sepeda Bersama Indonesia Tbk,1505.0,39.725,-76.93,,37.885464,26.057,57.757996,,1947344175104.0
BINA,PT Bank Ina Perdana Tbk,4020.0,484.319,-9.92,,8.300315,-53.72,,,24661559607296.0
BINO,PT Perma Plasindo Tbk,107.0,180.584,-2.1,17.819,0.592522,5.594,19.127638,,243458834432.0
BIPI,PT Astrindo Nusantara Infrastruktur Tbk,132.0,0.007,2.51,83.923,18857.143,4.08,32.352943,,8409745719296.0
BIPP,PT Bhuwanatala Indah Permai Tbk,66.0,154.445,-7.44,74.926,0.42733657,-10.99,,,331892195328.0
BIRD,PT Blue Bird Tbk,1560.0,2443.39,10.25,35.027,0.63845724,251.22,6.209697,10.61,3903275925504.0
BISI,PT BISI International Tbk,700.0,1164.32,7.13,,0.60120934,89.11,7.8554597,3.71,2100000063488.0
BJBR,PT Bank Pembangunan Daerah Jawa Barat dan Banten Tbk,760.0,1536.514,9.38,,0.49462613,137.12,5.5425906,11.26,7996296921088.0
BJTM,PT Bank Pembangunan Daerah Jawa Timur Tbk,515.0,867.896,11.27,,0.5933891,104.36,4.9348407,10.99,7732981137408.0
BKDP,PT Bukit Darmo Property Tbk,194.0,38.603,-12.27,118.456,5.025516,-5.05,,,1457714495488.0
BKSL,PT Sentul City Tbk,57.0,91.399,5.78,18.319,0.62363917,5.4,10.555555,,9559407067136.0
BKSW,PT Bank QNB Indonesia Tbk,49.0,133.559,-0.62,,0.36687905,-0.83,,,1722744438784.0
BLES,PT Superior Prima Sukses Tbk,202.0,140.669,19.44,42.658,1.4359951,25.07,8.057439,0.94,1795821666304.0
BLOG,PT Trimitra Trans Persada Tbk,360.0,185.587,29.13,57.023,1.939791,21.22,16.965128,5.87,1216615415808.0
BLTA,PT Berlian Laju Tanker Tbk,37.0,0.003,2.33,101.937,12333.333,0.98,37.7551,,958638915584.0
BLTZ,PT Graha Layar Prima Tbk,4160.0,487.216,17.56,263.181,8.538307,73.03,56.962894,,3635578667008.0
BLUE,PT Berkah Prima Perkasa Tbk,3900.0,229.524,14.6,,16.991688,34.67,112.48919,0.93,1630200004608.0
BMAS,PT Bank Kasikorn Indonesia Tbk,474.0,359.109,0.2,,1.3199334,0.73,649.31506,,8580662558720.0
BMBL,PT Lavender Bina Cendikia Tbk,32.0,64.973,-4.67,2.329,0.4925123,,,,32962592768.0
BMHS,PT Bundamedik Tbk,199.0,225.754,0.09,62.88,0.88149047,-0.2,,0.52,1712079896576.0
BMRI,PT Bank Mandiri (Persero) Tbk,4100.0,3049.215,22.38,,1.3446083,667.32,6.1439786,13.24,381190661996544.0
BMSR,PT Bintang Mitra Semestaraya Tbk,312.0,742.451,14.0,45.719,0.42022976,99.05,3.1499243,,361670410240.0
BMTR,PT Global Mediacom Tbk,76.0,982.385,3.25,19.848,0.077362746,34.67,2.192097,,1242790887424.0
BNBA,PT Bank Bumi Arta Tbk,805.0,961.059,0.57,,0.83761764,5.43,148.25046,,2727339884544.0
BNBR,PT Bakrie & Brothers Tbk,74.0,21.394,5.11,380.962,3.4589138,1.25,59.2,,38972394831872.0
BNGA,PT Bank CIMB Niaga Tbk,1710.0,2231.776,12.46,,0.76620597,272.77,6.269018,9.52,42992597467136.0
BNII,PT Bank Maybank Indonesia Tbk,189.0,414.87,5.73,,0.4555644,23.35,8.094218,4.03,14404672290816.0
BNLI,PT Bank Permata Tbk,1940.0,1247.879,8.25,,1.5546379,102.0,19.019608,1.79,70191744548864.0
BOAT,PT Newport Marine Services TBK,125.0,0.007,8.63,35.715,17857.143,,,,437710028800.0
BOBA,PT Formosa Ingredient Factory Tbk,199.0,146.313,11.76,0.32,1.3600979,16.966,11.7293415,4.08,229994250240.0
BOGA,PT Apollo Global Interactive Tbk,1560.0,121.962,-0.27,52.715,12.79087,-0.32,,,5933500989440.0
BOLA,PT Bali Bintang Sejahtera Tbk,168.0,96.902,-6.46,1.783,1.7337103,-7.25,,,1007999975424.0
BOLT,PT Garuda Metalindo Tbk,795.0,360.19,15.68,35.739,2.2071683,59.4,13.383838,6.29,1863281147904.0
BPFI,PT Woori Finance Indonesia Tbk,238.0,461.43,8.56,152.052,0.5157879,38.32,6.210856,3.34,636410855424.0
BPII,PT Batavia Prosperindo Internasional Tbk,452.0,143.058,4.82,80.317,3.1595576,9.93,45.518627,1.4,4467636830208.0
BPTR,PT Batavia Prosperindo Trans Tbk,72.0,179.301,6.37,225.417,0.4015594,8.282,8.693553,,254448009216.0
BRAM,PT Indo Kordsa Tbk,4670.0,0.475,3.37,1.102,9831.579,222.25,21.012373,4.28,2101766127616.0
BREN,PT Barito Renewables Energy Tbk,2850.0,0.005,21.48,223.239,570000.0,18.94,150.47517,0.14,381271628840960.0
BRIS,PT Bank Syariah Indonesia Tbk,1375.0,1106.47,16.15,,1.2426908,173.04,7.94614,2.33,63427728900096.0
BRMS,PT Bumi Resources Minerals Tbk,605.0,0.009,3.98,28.081,67222.23,4.72,128.17798,,85779346882560.0
BRNA,PT Berlina Tbk,670.0,977.533,-0.38,73.47,0.6853988,-5.25,,,656003694592.0
BRPT,PT Barito Pacific Tbk,1430.0,0.026,6.46,133.059,55000.0,25.25,56.633663,0.11,134007794696192.0
BRRC,PT Raja Roti Cemerlang Tbk,54.0,86.09,1.6,11.735,0.62725055,,,,52462989312.0
BSBK,PT Wulandari Bangun Laksana Tbk,45.0,87.697,3.47,14.26,0.5131304,3.07,14.657981,,1129134686208.0
BSDE,PT Bumi Serpong Damai Tbk,540.0,2143.09,4.15,35.164,0.25197262,89.0,6.0674157,,11293233774592.0
BSIM,PT Bank Sinarmas Tbk,995.0,422.671,3.35,,2.3540769,13.79,72.15373,,19617579794432.0
BSML,PT Bintang Samudera Mandiri Lines Tbk,550.0,71.761,1.46,13.346,7.66433,3.301,166.61617,,1017623740416.0
BSSR,PT Baramulti Suksessarana Tbk,5225.0,0.102,34.76,,51225.492,636.63,8.207279,24.12,13671212253184.0
BSWD,PT Bank of India Indonesia Tbk,3600.0,966.925,1.98,,3.723143,18.89,190.57703,,13279920390144.0
BTEK,PT Bumi Teknokultura Unggul Tbk,13.0,4.926,-124.99,1294.228,2.639058,-10.96,,,601607438336.0
BTON,PT Betonjaya Manunggal Tbk,396.0,462.229,15.97,,0.8567182,13.383,29.589777,,285120004096.0
BTPN,PT Bank SMBC Indonesia Tbk,2520.0,4577.174,0.27,,0.5505581,41.82,60.25825,0.39,26827781308416.0
BTPS,PT Bank BTPN Syariah Tbk,960.0,1331.62,12.15,,0.7209264,160.34,5.987277,8.93,7395552002048.0
BUAH,PT Segar Kumala Indonesia Tbk,480.0,97.936,26.1,0.902,4.9011602,25.04,19.169329,5.17,960000032768.0
BUDI,PT Budi Starch & Sweetener Tbk,222.0,362.06,10.02,118.678,0.61315805,36.51,6.0805264,3.18,997063458816.0
BUKA,PT Bukalapak.com Tbk.,100.0,264.584,7.82,0.436,0.37795177,18.35,5.449591,,9183365693440.0
BUKK,PT Bukaka Teknik Utama Tbk.,990.0,2789.208,2.02,173.066,0.35493946,98.2,10.081467,,2614047539200.0
BULL,PT Buana Lintas Lautan Tbk,362.0,0.014,35.29,59.648,25857.143,79.7,4.5420327,,5608986116096.0
BUMI,PT Bumi Resources Tbk,180.0,0.004,5.42,24.84,44999.996,5.53,32.54973,,66840369823744.0
BUVA,PT Bukit Uluwatu Villa Tbk,685.0,87.534,1.49,21.105,7.825531,0.95,721.0526,,16862682284032.0
BVIC,PT Bank Victoria International Tbk,89.0,235.015,1.61,,0.37869924,2.89,30.795847,,1639328251904.0
BWPT,PT Eagle High Plantations Tbk,106.0,96.386,14.43,153.387,1.0997448,12.53,8.459697,,3298971090944.0
BYAN,PT Bayan Resources Tbk.,12550.0,0.074,34.77,,169594.6,421.74,29.757671,1.99,418333337845760.0
CAKK,PT Cahayaputra Asa Keramik Tbk,156.0,111.545,-20.45,206.987,1.3985387,11.991,13.009757,,187714830336.0
CAMP,"PT Campina Ice Cream Industry, Tbk.",162.0,173.533,7.71,,0.93354,12.96,12.5,,953370017792.0
CARE,PT Metro Healthcare Indonesia Tbk,374.0,90.958,0.21,35.088,4.111788,0.18,2077.7776,,12435500040192.0
CARS,PT Industri dan Perdagangan Bintraco Dharma Tbk,105.0,73.427,13.45,81.403,1.4299916,10.58,9.924386,,1575000080384.0
CASA,PT Capital Financial Indonesia Tbk,1805.0,150.322,2.25,45.403,12.007557,2.75,656.36365,,98329669140480.0
CASH,PT Cashlez Worldwide Indonesia Tbk,276.0,-35.807,-285.93,,-7.70799,-7.2,,,670073356288.0
CASS,PT Cahaya Aero Services Tbk,1810.0,844.529,43.75,6.316,2.1432064,230.36,7.857267,,3777379434496.0
CBDK,PT Bangun Kosambi Sukses Tbk,3490.0,1872.407,20.88,1.614,1.863911,446.98,7.8079553,0.14,19694312488960.0
CBPE,PT Citra Buana Prasida Tbk,510.0,263.757,19.5,2.623,1.933598,,,0.2,691687522304.0
CBRE,PT Cakra Buana Resources Energi Tbk,740.0,2.401,,9429.517,308.20493,-23.64,,,3358170021888.0
CBUT,PT Citra Borneo Utama Tbk,915.0,418.993,20.26,268.555,2.1838074,74.77,12.237529,,2859375001600.0
CCSI,PT Communication Cable Systems Indonesia Tbk,422.0,412.591,0.1,16.756,1.0228046,32.514,12.979025,,562666668032.0
CDIA,PT Chandra Daya Investasi TBK.,570.0,0.008,6.92,69.366,71250.0,8.87,64.26156,1.45,71107411443712.0
CEKA,PT Wilmar Cahaya Indonesia Tbk.,2200.0,3480.04,10.9,,0.63217664,367.0,5.99455,6.85,1308999942144.0
CENT,PT Centratama Telekomunikasi Indonesia Tbk,96.0,78.482,-78.82,995.675,1.2232103,-75.46,,,2993612652544.0
CFIN,PT. Clipan Finance Indonesia Tbk,358.0,1428.11,4.13,55.398,0.25068098,58.73,6.095692,13.97,1426458279936.0
CGAS,PT Citra Nusantara Gemilang Tbk,153.0,151.408,9.08,23.44,1.0105146,13.09,11.688312,2.67,271043428352.0
CHEK,PT Diastika Biotekindo Tbk,119.0,50.23,8.24,10.655,2.3691022,,,,489486450688.0
CHEM,PT Chemstar Indonesia Tbk,63.0,66.653,-1.98,33.314,0.94519377,,,0.57,107102060544.0
CHIP,PT Pelita Teknologi Global Tbk,630.0,90.355,8.46,44.868,6.972497,7.33,85.94816,0.23,507780005888.0
CINT,PT Chitose Internasional Tbk,196.0,304.241,13.84,22.626,0.64422613,-98.865,,7.1,196000006144.0
CITA,PT Cita Mineral Investindo Tbk,3380.0,2046.132,17.07,,1.6518973,346.78,9.746814,10.23,13386020552704.0
CITY,PT Natura City Developments Tbk,169.0,166.184,2.64,15.021,1.016945,4.28,39.48598,,913476943872.0
CLAY,PT Citra Putra Realty Tbk,2840.0,11.113,164.38,1041.695,255.55656,10.26,276.8031,,7298799894528.0
CLEO,PT Sariguna Primatirta Tbk,422.0,104.367,18.94,18.78,4.0434237,17.92,23.549107,0.59,10127999500288.0
CLPI,PT Colorpak Indonesia Tbk,1580.0,1901.767,13.04,19.388,0.8308063,242.71,6.509826,10.69,483543810048.0
CMNP,PT Citra Marga Nusaphala Persada Tbk,1425.0,2276.095,4.73,45.675,0.6260723,143.0,9.965035,,9542304792576.0
CMNT,PT Cemindo Gemilang Tbk,735.0,131.792,-8.05,352.729,5.5769696,-13.83,,,12587245764608.0
CMRY,PT Cisarua Mountain Dairy Tbk,4470.0,902.703,32.23,0.006,4.9517946,278.6,16.044508,4.52,35468032868352.0
CNMA,PT Nusantara Sejahtera Raya Tbk,89.0,44.881,15.6,42.056,1.9830217,7.04,12.642046,13.22,7411912933376.0
COCO,PT Wahana Interfood Nusantara Tbk,126.0,23.098,-401.94,431.349,5.455018,7.275,17.319588,,1793965817856.0
COIN,PT Indokripto Koin Semesta Tbk,705.0,102.762,-1.11,0.336,6.8605127,-1.03,,,10367647350784.0
CPIN,PT Charoen Pokphand Indonesia Tbk,2930.0,2128.136,22.79,28.211,1.3767917,454.0,6.4537444,6.12,48046142390272.0
CPRO,PT Central Proteina Prima Tbk,42.0,66.819,8.24,39.598,0.6285637,5.4,7.7777777,,2502040223744.0
CRAB,PT Toba Surimi Industries Tbk,226.0,124.39,7.81,4.891,1.8168663,,,0.92,440700010496.0
CRSN,PT Carsurin Tbk,151.0,80.467,2.52,42.922,1.8765455,,,0.22,436691992576.0
CSAP,PT Catur Sentosa Adiprana Tbk,286.0,640.587,5.35,114.875,0.44646552,31.96,8.948686,1.39,1625388089344.0
CSIS,PT Cahayasakti Investindo Sukses Tbk,189.0,214.227,6.34,12.799,0.8822417,6.918,27.320034,1.46,345832980480.0
CSMI,PT Cipta Selera Murni Tbk,515.0,4.001,-20.63,,128.71782,-1.05,,,420271685632.0
CSRA,PT Cisadane Sawit Raya Tbk,685.0,817.669,17.0,46.965,0.8377473,126.11,5.431766,1.77,1404249964544.0
CTBN,PT Citra Tubindo Tbk,2860.0,0.128,4.39,2.279,22343.748,84.35,33.90634,16.32,2289062641664.0
CTRA,PT Ciputra Development Tbk,545.0,1321.694,10.04,29.003,0.4123496,137.26,3.970567,6.67,10101953921024.0
CTTH,PT Citatah Tbk,99.0,125.121,-12.85,217.476,0.7912341,-17.31,,,121853140992.0
CUAN,PT Petrindo Jaya Kreasi Tbk,840.0,0.003,26.37,223.595,280000.0,21.47,39.12436,,94415326543872.0
CYBR,PT ITSEC Asia Tbk,490.0,23.071,24.11,15.724,21.238785,4.4,111.36363,,6609086971904.0
DAAZ,PT Daaz Bara Lestari Tbk,2100.0,840.672,12.92,139.636,2.4980016,136.86,15.344148,1.84,4193699758080.0
DADA,PT Diamond Citra Propertindo Tbk,24.0,48.85,2.61,27.876,0.49129993,3.345,7.1748877,1.13,178356748288.0
DART,PT Duta Anggada Realty Tbk.,159.0,338.189,-21.15,316.156,0.4701513,-80.0,,,499481149440.0
DATA,PT Remala Abadi Tbk,1550.0,301.375,34.45,110.653,5.143094,91.99,16.849657,,2131250118656.0
DAYA,PT Duta Intidaya Tbk,1215.0,78.93,69.39,209.673,15.393387,40.71,29.845247,,2940964700160.0
DCII,PT DCI Indonesia Tbk,199525.0,1942.073,26.74,53.876,102.73816,467.94,426.39014,,475616893730816.0
DEFI,PT Danasupra Erapacific Tbk,91.0,35.744,-36.13,5.774,2.5458817,-4.198,,,61516001280.0
DEPO,PT Caturkarda Depo Bangunan Tbk,238.0,204.769,6.02,22.095,1.1622853,11.67,20.394173,0.64,1616019980288.0
DEWA,PT Darma Henwa Tbk,358.0,207.33,69.13,69.347,1.7267158,110.72,3.2333815,0.41,13979412856832.0
DEWI,PT Dewi Shri Farmindo Tbk.,250.0,82.828,4.74,16.759,3.018303,,,,499999997952.0
DFAM,PT Dafam Property Indonesia Tbk,74.0,3.275,-128.28,3970.512,22.595419,-7.39,,,140589105152.0
DGIK,PT Nusa Konstruksi Enjiniring Tbk,139.0,147.86,7.65,38.029,0.94007844,10.89,12.764003,,714592092160.0
DGNS,PT Diagnos Laboratorium Utama Tbk,292.0,167.432,0.96,31.735,1.7439915,51.842,5.6324987,,401500012544.0
DGWG,PT Delta Giri Wacana Tbk,336.0,189.799,25.76,104.488,1.7702938,45.96,7.310705,4.52,1976470601728.0
DILD,PT Intiland Development Tbk,110.0,545.629,2.63,44.683,0.20160218,5.88,18.707483,,1140243955712.0
DIVA,PT Distribusi Voucher Nusantara Tbk,136.0,428.569,-0.34,7.511,0.31733513,-3.12,,,190398316544.0
DKFT,PT Central Omega Resources Tbk,655.0,278.982,50.56,33.883,2.3478217,119.82,5.466533,13.53,3611333230592.0
DKHH,PT Cipta Sarana Medika Tbk,75.0,82.813,2.44,11.52,0.90565485,,,,191255920640.0
DLTA,PT Delta Djakarta Tbk,1770.0,841.148,20.31,0.696,2.104267,182.0,9.725275,10.26,1417166585856.0
DMAS,PT Puradelta Lestari Tbk,188.0,145.375,23.54,0.015,1.2932072,32.36,5.8096414,8.68,9061245386752.0
DMMX,PT Digital Mediatama Maxima Tbk,173.0,93.443,5.79,8.091,1.851396,5.49,31.51184,3.2,1255882227712.0
DMND,PT Diamond Food Indonesia Tbk,595.0,703.476,7.56,0.627,0.8458,50.72,11.731072,1.23,5633673265152.0
DNAR,PT Bank Oke Indonesia Tbk,126.0,231.448,5.86,,0.5443987,13.15,9.581749,,2128441376768.0
DNET,PT Indoritel Makmur Internasional Tbk.,9975.0,1100.666,7.26,44.303,9.062695,78.7,126.74715,,141485399867392.0
DOID,PT Buma Internasional Grup Tbk,214.0,0.001,-189.09,41870.594,213999.98,-212.89,,,1574434242560.0
DOOH,PT Era Media Sejahtera Tbk,340.0,39.997,27.62,10.453,8.500637,10.0,34.0,,2631222951936.0
DOSS,PT Global Sukses Digital Tbk,163.0,126.016,24.16,2.086,1.2934866,,,1.84,281174999040.0
DPUM,PT Dua Putra Utama Makmur Tbk,130.0,80.814,-15.89,180.792,1.6086321,-13.91,,,541390176256.0
DRMA,PT Dharma Polimetal Tbk,935.0,579.985,26.3,12.579,1.6121107,148.0,6.3175673,7.49,4400000008192.0
DSFI,PT Dharma Samudera Fishing Industries Tbk,87.0,156.538,7.28,40.908,0.55577564,9.387,9.268137,,161570783232.0
DSNG,PT Dharma Satya Nusantara Tbk,1515.0,1130.591,16.75,28.307,1.3400072,181.72,8.337002,3.04,16058762133504.0
DSSA,PT Dian Swastatika Sentosa Tbk,1130.0,0.014,18.79,62.702,80714.28,27.82,40.61826,,174847296536576.0
DUTI,PT Duta Pertiwi Tbk,4760.0,5562.361,6.3,0.023,0.85575175,330.66,14.395452,10.53,8805999968256.0
DVLA,PT Darya-Varia Laboratoria Tbk,1585.0,1339.359,9.1,0.008,1.183402,121.25,13.072165,8.08,1775199977472.0
DWGL,PT Dwi Guna Laksana Tbk,216.0,64.612,48.36,50.265,3.3430324,25.18,8.578237,,1998609317888.0
DYAN,PT Dyandra Media International Tbk,84.0,173.533,7.31,28.231,0.48405778,10.75,7.8139534,,358929006592.0
EAST,PT Eastparc Hotel Tbk,91.0,111.171,7.11,1.428,0.8185588,4.142,21.970062,6.44,375502897152.0
ECII,PT Electronic City Indonesia Tbk,154.0,807.068,-13.15,5.366,0.19081415,-115.64,,,187091795968.0
EKAD,PT Ekadharma International Tbk,382.0,352.88,5.08,2.118,1.082521,146.273,2.611555,2.32,1334660169728.0
ELIT,PT Data Sinergitama Jaya Tbk,268.0,87.445,21.22,18.574,3.0647836,,,,541349412864.0
ELPI,PT Pelayaran Nasional Ekalya Purnamasari Tbk,565.0,342.85,5.02,16.199,1.647951,15.07,37.491707,2.52,5381297274880.0
ELSA,PT Elnusa Tbk,640.0,743.169,15.73,8.15,0.8611769,111.89,5.7199035,6.87,4671040126976.0
ELTY,PT Bakrieland Development Tbk,30.0,127.278,-0.75,18.678,0.23570453,-0.84,,,1305657344000.0
EMAS,PT Merdeka Gold Resources Tbk,7650.0,0.025,-8.51,125.871,306000.0,-31.78,,,112694950625280.0
EMDE,PT Megapolitan Developments Tbk,69.0,542.344,-2.81,20.206,0.12722553,-21.42,,,231150010368.0
EMTK,PT Elang Mahkota Teknologi Tbk,398.0,598.644,7.58,6.298,0.6648359,36.73,10.835829,2.44,24350637948928.0
ENAK,PT Champ Resto Indonesia Tbk,214.0,84.227,-58.22,303.933,2.5407531,-68.53,,,462128676864.0
ENRG,PT Energi Mega Persada Tbk,1060.0,0.036,12.79,56.576,29444.445,40.48,26.185772,,37819644903424.0
ENZO,PT Morenzo Abadi Perkasa Tbk,64.0,81.027,9.11,94.148,0.7898602,4.911,13.03197,,138403020800.0
EPAC,PT Megalestari Epack Sentosaraya Tbk,51.0,21.263,4.17,118.121,2.3985326,-0.528,,,168473395200.0
EPMT,PT Enseval Putera Megatrading Tbk.,2650.0,3048.419,10.54,2.191,0.8693031,304.85,8.6928,,7177895936000.0
ERAA,PT Erajaya Swasembada Tbk,615.0,606.047,15.51,72.92,1.0147728,88.05,6.984668,4.0,9568516046848.0
ERAL,PT Sinar Eka Selaras Tbk,318.0,349.062,11.21,17.201,0.9110129,38.39,8.283407,2.56,1649625006080.0
ERTX,PT Eratex Djaja Tbk,166.0,0.023,6.87,126.793,7217.391,0.001,165999.98,,213565603840.0
ESIP,PT Sinergi Inti Plastindo Tbk,100.0,90.027,2.38,1.001,1.1107779,2.99,33.444817,0.98,110995382272.0
ESSA,PT ESSA Industries Indonesia Tbk.,585.0,0.025,14.06,0.019,23400.0,54.47,10.739857,8.81,10077780049920.0
ESTA,PT Esta Multi Usaha Tbk,185.0,72.729,-4.28,79.691,2.5436897,-0.417,,,448690520064.0
ESTI,PT Ever Shine Tex Tbk,155.0,88.97,5.28,241.508,1.7421602,0.001,155000.0,1.32,312357355520.0
EURO,PT Estee Gold Feet Tbk,1350.0,20.235,3.53,,66.71609,0.72,1874.9999,0.06,3440915513344.0
EXCL,PT XLSMART Telecom Sejahtera Tbk,2340.0,1586.599,-13.44,204.323,1.4748528,-243.79,,6.65,42587679358976.0
FAPA,PT FAP Agri Tbk,7400.0,1191.829,36.39,113.773,6.2089443,364.2,20.318506,0.95,25788923510784.0
FAST,PT Fast Food Indonesia Tbk,412.0,53.593,-106.92,577.298,7.6875715,-67.0,,,1862405849088.0
FILM,PT.MD Entertainment Tbk,600.0,286.047,-8.78,12.248,2.0975573,-20.03,,,6532539875328.0
FIRE,PT Alfa Energi Investama Tbk,111.0,163.857,,7.133,0.67741996,5.19,21.387283,,163765321728.0
FISH,PT FKS Multi Agro Tbk,595.0,0.035,5.86,75.939,17000.0,7.03,84.63727,2.37,2855999897600.0
FITT,PT Fortune Resources Investment Tbk,416.0,56.204,-7.22,63.173,7.4016085,-4.05,,,542577164288.0
FLMC,PT Falmaco Nonwoven Industri Tbk,144.0,17.063,-180.24,49.507,8.439313,16.131,8.92691,,112499998720.0
FMII,PT Fortune Mate Indonesia Tbk,252.0,108.305,-0.59,6.546,2.3267624,-0.64,,,1612800065536.0
FOLK,PT Multi Garam Utama Tbk,179.0,33.242,-15.72,2.718,5.384754,-2.9,,,732353003520.0
FORE,PT Fore Kopi Indonesia Tbk,775.0,82.716,15.26,33.263,9.369409,11.7,66.23932,,6911728025600.0
FORU,PT Fortune Indonesia Tbk,144.0,34.383,-44.47,29.28,4.188116,-1.17,,,1306637631488.0
FPNI,PT Lotte Chemical Titan Tbk,520.0,0.02,16.11,0.132,26000.0,48.6,10.699589,,2894535065600.0
FUJI,PT Fuji Finance Indonesia Tbk,298.0,141.786,4.1,1.113,2.101759,5.69,52.37258,,387400007680.0
FUTR,PT Futura Energi Global Tbk,268.0,25.57,-26.03,3.212,10.481032,-7.72,,,1778327879680.0
FWCT,PT Wijaya Cahaya Timber Tbk,80.0,163.174,-13.35,111.137,0.4902742,,,,157040001024.0
GDST,PT Gunawan Dianjaya Steel Tbk,110.0,160.388,7.09,107.729,0.68583685,10.77,10.213555,2.27,1016675041280.0
GDYR,PT Goodyear Indonesia Tbk,1100.0,0.149,3.21,2.085,7382.5503,0.006,183333.33,,451000008704.0
GEMA,PT Gema Grahasarana Tbk,91.0,271.143,-0.46,119.636,0.33561626,-1.37,,2.35,145326997504.0
GEMS,PT Golden Energy Mines Tbk,8675.0,0.143,45.61,15.723,60664.332,927.83,9.349773,2.78,51029412413440.0
GGRM,PT Gudang Garam Tbk,16925.0,33264.91,7.06,,0.5087944,2295.01,7.3746953,4.68,32565190721536.0
GGRP,PT Gunung Raja Paksi Tbk,378.0,0.053,-2.11,19.235,7132.0757,-19.23,,7.33,4578100117504.0
GHON,PT Gihon Telekomunikasi Indonesia Tbk,1615.0,1267.365,9.38,95.242,1.2742975,163.374,9.885294,11.06,888249974784.0
GIAA,PT. Garuda Indonesia (Persero) Tbk,52.0,-0.0,,,,-26.65,,,17757871538176.0
GJTL,PT. Gajah Tunggal Tbk,1275.0,3159.137,15.32,52.776,0.40359125,452.48,2.817804,6.23,4442684391424.0
GLVA,PT Galva Technologies Tbk,322.0,273.495,8.87,63.642,1.1773524,32.872,9.79557,3.11,482999992320.0
GMFI,PT Garuda Maintenance Facility Aero Asia Tbk,53.0,0.001,,251.539,52999.996,14.22,3.7271447,,6616268668928.0
GMTD,PT Gowa Makassar Tourism Development Tbk,1060.0,862.441,3.44,0.016,1.2290696,26.49,40.0151,0.35,1076302774272.0
GOLD,PT Visi Telekomunikasi Infrastruktur Tbk,286.0,348.125,4.55,4.498,0.821544,11.875,24.084211,,365300940800.0
GOLF,PT Intra Golflink Resorts Tbk,163.0,411.578,0.67,6.035,0.3960367,2.74,59.48905,0.33,3176341962752.0
GOOD,PT Garudafood Putra Putri Jaya Tbk,308.0,105.911,18.86,55.88,2.908102,18.76,16.41791,3.06,11358302109696.0
GOTO,PT GoTo Gojek Tokopedia Tbk,30.0,30.389,-1.16,28.366,0.9871993,-0.02,,,31982771765248.0
GPRA,PT Perdana Gapuraprima Tbk,99.0,313.576,4.71,19.713,0.31571296,15.73,6.2937064,1.01,423388872704.0
GPSO,PT Geoprima Solusi Tbk,216.0,63.171,-4.15,2.411,3.4192903,-3.716,,,158417666048.0
GRIA,PT Ingria Pratama Capitalindo Tbk,156.0,54.039,1.73,11.739,2.8868039,0.92,169.56522,,1150612406272.0
GRPH,PT Griptha Putra Persada Tbk,106.0,78.758,4.14,20.033,1.3458949,,,,105999998976.0
GRPM,PT Graha Prima Mentari Tbk,155.0,50.033,7.07,24.425,3.0979552,,,,243608289280.0
GSMF,PT Equity Development Investment Tbk,95.0,163.016,1.05,18.065,0.58276486,1.08,87.96296,,1468397387776.0
GTBO,PT Garda Tujuh Buana Tbk,210.0,0.009,-41.41,2.099,23333.334,-101.22,,,525000015872.0
GTRA,PT Grahaprima Suksesmandiri Tbk,292.0,232.682,23.94,259.652,1.2549316,,,,553157525504.0
GTSI,PT GTS Internasional Tbk,138.0,0.003,-6.05,78.307,46000.0,-4.31,,0.74,2183041777664.0
GULA,PT Aman Agrindo Tbk,815.0,133.962,-3.51,52.44,6.0838146,,,,872345436160.0
GUNA,PT Gunanusa Eramandiri Tbk,224.0,243.488,13.72,27.858,0.9199632,,,3.36,560000008192.0
GWSA,PT Greenwood Sejahtera Tbk,151.0,934.691,1.84,2.054,0.16155072,17.16,8.799534,,1177914703872.0
GZCO,PT Gozco Plantations Tbk,169.0,208.685,9.32,24.979,0.809833,19.21,8.797502,,976762699776.0
HADE,PT Himalaya Energi Perkasa Tbk,27.0,1.976,-4.56,,13.663968,-0.069,,,57239998464.0
HAIS,PT Hasnur Internasional Shipping Tbk,175.0,294.0,8.88,68.312,0.5952381,21.465,8.152807,5.69,459593744384.0
HAJJ,PT Arsy Buana Travelindo Tbk,111.0,88.71,0.88,63.548,1.2512681,,,,274006573056.0
HALO,PT Haloni Jane Tbk,67.0,40.52,7.99,0.05,1.6535044,,,,407274848256.0
HATM,PT Habco Trans Maritima Tbk,530.0,188.697,2.39,8.06,2.8087356,4.47,118.56824,0.38,4939599839232.0
HBAT,PT Minahasa Membangun Hebat Tbk,396.0,79.033,2.12,,5.0105653,,,,412133359616.0
HDFA,PT Radana Bhaskara Finance Tbk,95.0,75.288,-15.4,493.364,1.2618213,-12.56,,,621532348416.0
HDIT,PT Hensel Davest Indonesia Tbk,40.0,149.63,-7.4,2.174,0.26732606,-4.88,,,60987195392.0
HEAL,PT Medikaloka Hermina Tbk,600.0,361.718,7.28,51.262,1.6587508,25.9,23.166023,2.21,9147419459584.0
HELI,PT Jaya Trishindo Tbk,342.0,109.402,33.38,85.548,3.1260855,36.15,9.460581,,284838952960.0
HERO,PT DFI Retail Nusantara Tbk,312.0,411.479,0.62,76.735,0.7582404,3.0,104.0,,1305293750272.0
HEXA,PT Hexindo Adiperkasa Tbk,3550.0,0.202,8.05,52.164,17574.256,284.27,12.488128,6.76,2981999935488.0
HGII,PT Hero Global Investment Tbk,139.0,116.31,2.33,10.731,1.1950822,,,0.31,903499939840.0
HMSP,PT Hanjaya Mandala Sampoerna Tbk,625.0,223.844,34.69,1.286,2.792123,75.0,8.333333,9.01,72698797490176.0
HOKI,PT Buyung Poetra Sembada Tbk,44.0,55.115,-14.09,50.101,0.7983307,-8.39,,,425821110272.0
HOMI,PT Grand House Mulia Tbk,244.0,84.149,-0.01,8.85,2.8996184,-0.01,,,384300023808.0
HOPE,PT Harapan Duta Pertiwi Tbk,286.0,25.577,-18.92,123.845,11.181921,-3.045,,,609283014656.0
HRME,PT Menteng Heritage Realty Tbk,41.0,88.666,-3.07,38.843,0.4624095,-1.07,,,244308754432.0
HRTA,PT Hartadinata Abadi Tbk,2150.0,811.191,41.95,111.814,2.650424,288.79,7.4448557,1.83,9901314146304.0
HRUM,PT Harum Energy Tbk,845.0,0.073,7.24,29.561,11575.343,56.28,15.0142145,,11110529892352.0
HUMI,PT Humpuss Maritim Internasional Tbk,122.0,0.008,0.42,71.962,15249.999,0.41,297.56097,0.13,2203780120576.0
HYGN,PT Ecocare Indo Pasifik Tbk,183.0,67.213,13.32,9.184,2.7226877,,,1.58,456881504256.0
IATA,PT MNC Energy Investments Tbk,109.0,0.004,2.54,43.973,27249.998,1.6,68.125,,3409065279488.0
IBOS,PT Indo Boga Sukses Tbk,86.0,42.478,0.64,5.352,2.0245774,0.26,330.76926,,693657862144.0
ICBP,PT Indofood CBP Sukses Makmur Tbk,6775.0,4524.647,12.55,66.653,1.4973544,630.67,10.742544,3.9,79009429848064.0
ICON,PT Island Concepts Indonesia Tbk,132.0,141.611,3.3,7.332,0.93213105,-2.29,,,143846998016.0
IDEA,PT Idea Indonesia Akademi Tbk,178.0,60.014,2.6,17.398,2.9659746,2.19,81.278534,0.62,189113876480.0
IDPR,PT Indonesia Pondasi Raya Tbk,244.0,347.479,4.84,71.389,0.7022007,16.07,15.183572,2.05,488732000256.0
IFII,PT Indonesia Fibreboard Industry Tbk,208.0,149.459,11.0,13.743,1.391686,15.57,13.359024,5.34,1957695979520.0
IFSH,PT Ifishdeco Tbk,2270.0,437.365,18.74,6.203,5.190173,63.96,35.490932,1.26,4365885112320.0
IGAR,PT Champion Pacific Indonesia Tbk,472.0,771.327,11.02,0.103,0.6119324,73.47,6.424391,1.07,437912436736.0
IKAI,PT Intikeramik Alamasri Industri Tbk,22.0,46.325,-4.89,41.63,0.47490555,-4.07,,,292727586816.0
IKAN,PT Era Mandiri Cemerlang Tbk,82.0,89.092,0.77,64.645,0.92039686,1.96,41.836735,,68333305856.0
IKBI,PT Sumi Indo Kabel Tbk,565.0,0.072,8.57,2.513,7847.2227,104.49,5.407216,7.77,691559989248.0
IKPM,PT Ikapharmindo Putramas Tbk,175.0,131.555,-7.31,76.987,1.3302422,,,,294815956992.0
IMAS,PT Indomobil Sukses Internasional Tbk,850.0,3547.193,0.86,339.57,0.23962608,25.11,33.851055,0.47,3395147268096.0
IMJS,PT Indomobil Multi Jasa Tbk,170.0,507.051,1.74,486.129,0.33527198,18.02,9.433962,0.2,1844374667264.0
IMPC,PT Impack Pratama Industri Tbk,1340.0,57.711,26.49,31.085,23.219145,13.87,96.61139,,73278274142208.0
INAI,PT Indal Aluminium Industry Tbk,159.0,101.689,-80.4,1088.778,1.5635909,-145.32,,,100742397952.0
INCI,PT Intanwijaya Internasional Tbk,1025.0,2415.257,9.37,0.638,0.42438546,84.161,12.179037,2.35,212848033792.0
INCO,PT Vale Indonesia Tbk,4260.0,0.269,5.58,0.056,15836.432,244.54,17.420464,1.8,44899479060480.0
INDF,PT Indofood Sukses Makmur Tbk,6950.0,8730.951,12.14,63.789,0.79601866,1089.95,6.3764396,4.23,61023960694784.0
INDO,PT Royalindo Investa Wijaya Tbk,172.0,252.736,4.14,0.088,0.68055207,10.37,16.586308,,770687631360.0
INDR,PT. Indo-Rama Synthetics Tbk,2920.0,0.578,1.17,31.206,5051.903,-732.14,,,1910706929664.0
INDS,PT Indospring Tbk,254.0,521.572,2.47,6.926,0.48698932,9.6,26.458332,1.94,1666874212352.0
INDY,PT. Indika Energy Tbk,2730.0,0.231,3.07,94.428,11818.182,45.85,59.54199,0.38,14203349893120.0
INET,PT Sinergi Inti Andalan Prima Tbk,266.0,163.436,2.49,46.745,1.6275483,3.98,66.83417,0.01,5952579829760.0
INKP,PT Indah Kiat Pulp & Paper Tbk,8275.0,1.315,9.63,72.12,6292.7754,1998.86,4.1398597,0.89,45272386240512.0
INOV,PT Inocycle Technology Group Tbk,137.0,202.143,21.92,166.415,0.677738,18.564,7.379875,,247726407680.0
INPC,PT Bank Artha Graha Internasional Tbk,155.0,191.447,-13.13,,0.80962354,-27.01,,,3134628823040.0
INPP,PT Indonesian Paradise Property Tbk,670.0,512.908,3.05,33.465,1.3062772,-43.41,,0.66,7491920855040.0
INTD,PT Inter Delta Tbk,312.0,57.83,-4.89,,5.3951235,4.952,63.004845,,184650334208.0
INTP,PT Indocement Tunggal Prakarsa Tbk,4960.0,6732.802,10.69,12.218,0.73669183,690.26,7.185698,9.22,17018123190272.0
IOTF,PT Sumber Sinergi Makmur Tbk,50.0,29.641,0.54,5.195,1.6868526,,,,264514895872.0
IPCC,PT Indonesia Kendaraan Terminal Tbk,1060.0,718.466,19.12,36.414,1.4753655,135.25,7.8373384,10.65,1927487815680.0
IPCM,PT Jasa Armada Indonesia Tbk,288.0,250.826,12.9,3.132,1.1482064,33.26,8.65905,8.36,1522025627648.0
IPOL,PT Indopoly Swakarsa Industry Tbk,114.0,0.027,1.46,98.991,4222.222,5.28,21.590908,,734545313792.0
IPTV,PT MNC Vision Networks Tbk,24.0,137.513,-3.51,8.018,0.17452896,-5.43,,,1012750811136.0
IRRA,PT Itama Ranoraya Tbk,380.0,400.896,11.47,177.35,0.94787675,43.19,8.798333,,572970565632.0
IRSX,PT Folago Global Nusantara Tbk,324.0,48.798,15.49,0.57,6.6396165,4.48,72.32143,0.05,2007195320320.0
ISAP,PT Isra Presisi Indonesia Tbk,24.0,42.722,1.88,0.866,0.56177145,,,,96489070592.0
ISAT,PT Indosat Tbk,2220.0,1148.804,20.24,176.375,1.9324446,232.04,9.567316,5.0,71596802834432.0
ISEA,PT Indo American Seafoods Tbk,81.0,136.458,4.92,118.379,0.59358925,,,,112589996032.0
ISSP,PT Steel Pipe Industry of Indonesia Tbk,432.0,819.169,10.29,62.376,0.5273637,79.46,5.436698,4.78,3046238846976.0
ITIC,PT Indonesian Tobacco Tbk,202.0,511.198,4.68,24.357,0.3951502,21.483,9.402783,,190025433088.0
ITMA,PT Sumber Energi Andalan Tbk,1260.0,0.217,0.8,7.322,5806.4517,30.16,41.777187,,1258806968320.0
ITMG,PT Indo Tambangraya Megah Tbk,25925.0,1.723,11.12,5.2,15046.431,3205.22,8.088368,6.63,28903758364672.0
JARR,PT Jhonlin Agro Raya Tbk,3430.0,218.396,13.96,85.673,15.705416,28.93,118.56204,0.19,31661179797504.0
JAST,PT. Jasnita Telekomindo Tbk,82.0,51.318,-5.71,36.586,1.5978799,-14.904,,,88771207168.0
JATI,PT Informasi Teknologi Indonesia Tbk,112.0,55.889,,105.994,2.003972,,,1.72,365402259456.0
JAWA,PT Jaya Agra Wattie Tbk,149.0,84.122,-3.74,171.508,1.771237,-3.18,,,2418709889024.0
JAYA,PT Armada Berjaya Trans Tbk,155.0,167.825,8.22,161.32,0.9235811,13.31,11.645379,,122372407296.0
JECC,PT Jembo Cable Company Tbk,730.0,1199.78,9.85,135.922,0.60844487,115.88,6.2996206,5.44,551880032256.0
JECX,PT Nitrasanata Dharma,1555.0,194.877,,69.8,7.979392,19.89,78.17999,,5058761064448.0
JELI,PT Niramas Utama Tbk.,436.0,105.383,,164.105,4.1372895,12.88,33.850933,,551975976960.0
JGLE,PT Graha Andrasentra Propertindo Tbk,49.0,47.408,-3.99,22.386,1.0335808,-1.84,,,1106513625088.0
JIHD,PT Jakarta International Hotels & Development Tbk,400.0,1511.786,-2.31,14.012,0.2645877,-93.1,,,931616129024.0
JKON,PT Jaya Konstruksi Manggala Pratama Tbk,81.0,205.635,8.54,2.415,0.39390182,17.04,4.753521,2.44,1320990146560.0
JPFA,PT Japfa Comfeed Indonesia Tbk,2040.0,1693.542,29.18,76.241,1.204576,453.45,4.4988422,6.93,23877935693824.0
JRPT,"PT Jaya Real Property, Tbk.",1150.0,854.259,13.07,0.055,1.3461959,107.61,10.686739,2.7,14746257457152.0
JSMR,PT Jasa Marga (Persero) Tbk,2620.0,5116.485,8.24,123.483,0.5120703,509.19,5.145427,5.92,19015623770112.0
JSPT,PT Jakarta Setiabudi Internasional Tbk,1360.0,1144.02,16.86,70.752,1.1887904,195.0,6.974359,1.84,3153480908800.0
JTPE,PT Jasuindo Tiga Perkasa Tbk,585.0,181.347,27.86,12.053,3.2258599,51.18,11.430246,5.3,3972927848448.0
KAEF,PT Kimia Farma Tbk,446.0,520.247,-8.34,266.222,0.8572851,-44.22,,,2482698452992.0
KAQI,PT Jantra Grupo Indonesia Tbk,84.0,61.708,10.47,12.806,1.3612498,,,,174367211520.0
KBAG,PT Karya Bersama Anugerah Tbk,43.0,47.206,-3.16,0.58,0.9109011,-0.078,,,307450118144.0
KBLI,PT KMI Wire and Cable Tbk,376.0,724.259,7.53,8.0,0.51915133,55.72,6.748026,5.52,1506720350208.0
KBLM,PT Kabelindo Murni Tbk,356.0,1289.86,1.87,,0.27599895,3.112,114.39589,1.94,398720008192.0
KBLV,PT First Media Tbk,104.0,867.209,-1.24,,0.119924955,-2.89,,,181185462272.0
KDSI,PT Kedawung Setia Industrial Tbk,468.0,492.423,8.12,23.512,0.9504024,179.344,2.6095102,4.29,758160031744.0
KDTN,PT Puri Sentul Permai Tbk,605.0,56.03,5.36,5.355,10.797787,,,,756264075264.0
KEEN,PT Kencana Energi Lestari Tbk,840.0,0.049,3.18,49.552,17142.857,25.3,33.201584,0.96,3079702577152.0
KEJU,PT Mulia Boga Raya Tbk,585.0,152.056,24.02,11.721,3.847267,34.42,16.995934,2.76,3290624950272.0
KETR,PT Ketrosden Triasmitra,915.0,431.938,6.1,58.465,2.1183596,25.49,35.89643,,2599755448320.0
KICI,PT Kedaung Indah Can Tbk,294.0,399.066,-2.86,28.897,0.7367202,73.94,3.9761968,,81143996416.0
KIJA,PT Kawasan Industri Jababeka Tbk,160.0,291.064,2.85,62.627,0.5497073,-3.22,,1.27,3327493144576.0
KING,PT Hoffmen Cleanindo Tbk,394.0,26.817,4.93,159.378,14.692173,,,,1025000341504.0
KINO,PT Kino Indonesia Tbk,1485.0,1308.512,12.81,76.89,1.1348768,168.45,8.815673,3.18,2047546097664.0
KIOS,PT Kioson Komersial Indonesia Tbk,84.0,127.926,0.79,,0.6566296,1.4,60.0,,90372481024.0
KJEN,PT Krida Jaringan Nusantara Tbk,148.0,125.13,0.05,3.393,1.1827699,-4.302,,,73999998976.0
KKES,PT Kusuma Kemindo Sentosa Tbk,77.0,42.466,1.72,62.892,1.8132153,,,,115499999232.0
KKGI,PT Resource Alam Indonesia Tbk,298.0,0.03,1.93,1.779,9933.334,12.58,23.688395,10.67,1452252069888.0
KLAS,PT Pelayaran Kurnia Lautan Semesta Tbk,85.0,73.855,6.37,55.023,1.1509037,,,,309775368192.0
KLBF,PT Kalbe Farma Tbk.,755.0,537.673,14.77,3.208,1.4041992,79.41,9.507618,2.65,34162889195520.0
KLIN,PT Klinko Karya Imaji Tbk,118.0,22.192,-13.98,1.748,5.3172317,,,,154288586752.0
KMDS,"PT Kurniamitra Duta Sentosa, Tbk",520.0,337.694,21.29,0.495,1.5398556,91.171,5.703568,8.16,415999983616.0
KMTR,PT Kirana Megatara Tbk,250.0,258.436,-1.84,140.093,0.96735746,-3.89,,,2053841485824.0
KOBX,PT Kobexindo Tractors Tbk,172.0,212.519,-37.35,281.506,0.8093394,0.006,28666.666,,390870007808.0
KOCI,PT Kokoh Exa Nusantara Tbk,106.0,30.421,7.9,,3.484435,,,1.8,473648234496.0
KOKA,PT Koka Indonesia Tbk,151.0,51.393,-9.87,2.962,2.9381433,,,,432061284352.0
KONI,PT Perdana Bangun Pusaka Tbk,1915.0,584.482,12.34,,3.2764056,69.97,27.368872,,597479981056.0
KOPI,PT Mitra Energi Persada Tbk,196.0,105.704,12.54,157.124,1.8542345,2.383,82.24927,,136664268800.0
KOTA,PT DMS Propertindo Tbk,142.0,118.723,5.9,45.91,1.1960614,6.16,23.051949,,1497558286336.0
KPIG,PT MNC Tourism Indonesia Tbk,42.0,275.153,2.14,18.546,0.15264234,6.39,6.57277,,4507139309568.0
KRAS,PT Krakatau Steel (Persero) Tbk,234.0,0.035,82.19,161.016,6685.7144,396.43,0.59026814,,4527057010688.0
KREN,PT Quantum Clovera Investama Tbk,19.0,-0.001,-11.36,25.027,-19000.0,-7.71,,,345814204416.0
KRYA,PT Bangun Karya Perkasa Jaya Tbk,54.0,15.77,-44.7,141.553,3.4242232,,,,89852944384.0
KSIX,PT Kentanix Supra International Tbk,408.0,589.017,0.5,,0.69267946,,,,872235401216.0
KUAS,PT Ace Oldfields Tbk,90.0,132.242,5.43,68.977,0.6805704,5.438,16.550201,1.65,116352737280.0
LABA,PT Green Power Group Tbk,114.0,84.192,26.57,0.684,1.3540479,28.102,4.0566506,,125787881472.0
LABS,PT UBC Medical Indonesia Tbk,158.0,39.672,7.07,15.159,3.9826577,,,,624100048896.0
LAJU,PT Jasa Berdikari Logistics Tbk,58.0,64.34,7.94,75.223,0.90146106,,,0.26,124696698880.0
LAND,PT Trimitra Propertindo Tbk,59.0,164.419,0.36,41.46,0.3588393,0.62,95.16129,,164764581888.0
LAPD,PT Leyand International Tbk,77.0,-5.429,,,-14.183091,,,,305408966656.0
LEAD,PT Logindo Samudramakmur Tbk.,95.0,0.009,19.54,72.035,10555.556,-0.001,,,550963576832.0
LFLO,PT Imago Mulia Persada Tbk,575.0,69.064,26.44,14.305,8.325611,,,0.78,751947546624.0
LIFE,PT MSIG Life Insurance Indonesia Tbk,9675.0,3901.467,3.39,0.136,2.4798365,131.98,73.306564,0.98,20317500080128.0
LINK,PT Link Net Tbk,1545.0,989.001,-45.75,312.021,1.5621824,-585.0,,,4254858739712.0
LION,PT Lion Metal Works Tbk,280.0,857.823,-6.3,5.762,0.32640767,-8.273,,,145644797952.0
LIVE,PT Homeco Victoria Makmur Tbk,165.0,73.092,-1.07,47.16,2.257429,,,,757845852160.0
LMAX,PT Lupromax Pelumas Indonesia Tbk,101.0,78.815,1.43,11.905,1.2814819,,,,65650884608.0
LMPI,PT Langgeng Makmur Industri Tbk,155.0,-37.69,-372.27,,-4.112497,-14.241,,,156320235520.0
LOPI,PT Logisticsplus International Tbk,55.0,55.517,3.12,63.477,0.99068755,,,,60500619264.0
LPCK,PT Lippo Cikarang Tbk,530.0,1338.928,3.5,11.621,0.39583907,45.47,11.656036,,2721383448576.0
LPGI,PT Lippo General Insurance Tbk,640.0,372.128,14.99,,1.7198384,52.55,12.178878,1.55,1920000065536.0
LPIN,PT Multi Prima Sejahtera Tbk,446.0,812.246,9.28,,0.54909474,61.18,7.289964,10.23,189550002176.0
LPKR,PT Lippo Karawaci Tbk,47.0,429.344,2.59,31.687,0.10946933,10.11,4.648863,,3330295463936.0
LPLI,PT Star Pacific Tbk,208.0,1475.036,27.73,0.674,0.1410135,468.9,0.4435914,,3531511169024.0
LPPF,PT MDS Retailing Tbk,1610.0,134.909,229.18,828.737,11.93397,347.0,4.6397696,15.67,1884056715264.0
LPPS,PT Lenox Pasifik Investama Tbk,61.0,270.917,-3.69,,0.22516122,-11.72,,,157883252736.0
LRNA,PT Eka Sari Lorena Transport Tbk,222.0,716.907,-10.07,2.132,0.3096636,-71.2,,,77700005888.0
LSIP,PT Perusahaan Perkebunan London Sumatra Indonesia Tbk,1490.0,2100.124,15.2,,0.7094819,302.68,4.922691,5.57,10161745821696.0
LTLS,PT Lautan Luas Tbk,925.0,2258.014,7.57,44.175,0.40965202,127.51,7.254333,3.32,1354837131264.0
LUCK,PT Sentral Mitra Informatika Tbk,109.0,165.834,,8.161,0.6572838,-0.512,,,78016708608.0
LUCY,PT Lima Dua Lima Tiga Tbk,208.0,11.628,-95.54,5.228,17.887857,-23.52,,,315072970752.0
MAHA,PT Mandiri Herindo Adiperkasa Tbk,140.0,111.872,20.76,30.919,1.2514302,22.49,6.224989,8.51,2295295901696.0
MAIN,PT Malindo Feedmill Tbk,640.0,1284.209,17.34,87.621,0.49836126,204.8,3.125,8.0,1427518390272.0
MANG,PT Manggung Polahraya Tbk,37.0,34.282,-12.0,16.398,1.0792836,,,,141066420224.0
MAPA,PT Map Aktif Adiperkasa Tbk,640.0,335.69,21.91,26.274,1.9065208,67.33,9.505421,0.62,18242561114112.0
MAPB,PT Map Boga Adiperkasa Tbk,1185.0,534.235,-14.01,35.964,2.218125,-79.8,,,2829688766464.0
MAPI,PT. Mitra Adiperkasa Tbk,1550.0,923.178,17.61,47.511,1.6789829,149.0,10.402684,0.65,25729999831040.0
MARK,PT Mark Dynamics Indonesia Tbk,1190.0,234.672,37.98,0.376,5.0709076,88.55,13.438735,7.44,4522000252928.0
MASB,PT Bank Multiarta Sentosa Tbk,3120.0,2938.706,5.24,,1.0616918,151.93,20.535774,,4374273458176.0
MAXI,PT Maxindo Karya Anugerah Tbk,28.0,13.495,-13.47,107.606,2.0748425,,,,269082787840.0
MAYA,PT Bank Mayapada Internasional Tbk,197.0,742.372,0.37,,0.2653656,1.49,132.21477,,5155068051456.0
MBAP,PT Mitrabara Adiperdana Tbk,1685.0,0.152,2.14,21.327,11085.526,50.91,33.097622,,2067953221632.0
MBMA,PT Merdeka Battery Materials Tbk.,482.0,0.015,9.24,52.775,32133.334,11.9,40.504204,,51763243646976.0
MBSS,PT Mitrabahtera Segara Sejati Tbk,4500.0,2346.953,9.43,13.007,1.9173797,216.82,20.754541,,7875119808512.0
MBTO,PT Martina Berto Tbk,148.0,329.513,0.42,46.299,0.44914767,-120.726,,,158359994368.0
MCAS,PT M Cash Integrasi Tbk,228.0,171.607,-7.92,52.439,1.3286172,-51.98,,,197674909696.0
MCOL,PT Prima Andalan Mandiri Tbk,3540.0,0.156,14.84,9.955,22692.307,381.07,9.289632,7.93,12586682679296.0
MCOR,PT Bank China Construction Bank Indonesia Tbk,67.0,191.867,4.24,,0.34920022,7.99,8.385482,,2540622053376.0
MDIA,PT Intermedia Capital Tbk,138.0,23.413,-7.22,163.364,5.894161,-1.74,,,5411744251904.0
MDIY,PT Daya Intiguna Yasa Tbk,905.0,171.243,30.32,51.906,5.284888,47.37,19.10492,3.83,22797304725504.0
MDKA,PT Merdeka Copper Gold Tbk,2920.0,0.036,7.47,86.028,81111.12,38.11,76.62031,0.41,71305357426688.0
MDKI,PT Emdeki Utama Tbk,197.0,380.755,3.03,1.589,0.51739305,15.452,12.749159,4.57,498439520256.0
MDLA,PT Medela Potentia Tbk,208.0,219.444,,2.286,0.94785005,29.41,7.0724244,6.12,2914667462656.0
MDLN,PT Modernland Realty Tbk,43.0,262.823,-34.47,215.416,0.16360821,-106.51,,,513734606848.0
MEDC,PT Medco Energi Internasional Tbk,1460.0,0.094,15.09,171.735,15531.915,230.89,6.3233576,4.48,36101326635008.0
MEDS,PT Hetzer Medical Indonesia Tbk,82.0,31.116,-8.2,12.764,2.6353002,,,,128124993536.0
MEGA,PT Bank Mega Tbk,1965.0,952.494,14.69,,2.063005,138.95,14.141778,4.36,46141827710976.0
MEJA,PT Harta Djaya Karya Tbk,164.0,34.789,-35.88,16.439,4.7141337,,,,427725324288.0
MERI,PT Merry Riana Edukasi Tbk,110.0,42.633,11.19,1.309,2.5801609,,,,113864572928.0
MERK,PT Merck Tbk,3700.0,2152.433,37.14,1.811,1.7189848,743.0,4.9798117,7.35,1657599950848.0
MGLV,PT NexAI Digital Infrastruktur Tbk,13300.0,59.456,-25.13,21.886,223.69482,-17.21,,,25334950920192.0
MGNA,PT Magna Investama Mandiri Tbk,210.0,8.035,-11.96,164.705,26.135656,36.022,5.8297706,,716347146240.0
MGRO,PT Mahkota Group Tbk,725.0,89.444,-9.04,584.615,8.10563,-10.66,,,2529072250880.0
MHKI,PT Multi Hanna Kreasindo Tbk,122.0,129.985,5.15,1.685,0.93856984,6.61,18.456882,2.22,457500000256.0
MICE,PT Multi Indocitra Tbk,490.0,1655.17,4.42,33.839,0.29604208,71.7,6.834031,2.04,294000001024.0
MIDI,PT Midi Utama Indonesia Tbk,256.0,138.526,19.77,13.445,1.8480285,26.76,9.566517,4.63,8559435710464.0
MIKA,PT Mitra Keluarga Karyasehat Tbk,1700.0,526.01,18.96,0.112,3.2318776,101.38,16.768595,2.52,23641307742208.0
MINA,PT Sanurhasta Mitra Tbk,218.0,25.45,-0.46,0.05,8.565815,-0.12,,,2145937522688.0
MINE,PT SINAR TERANG MANDIRI Tbk,272.0,238.739,20.27,60.936,1.1393195,42.65,6.377491,5.27,1110966403072.0
MIRA,PT Mitra International Resources Tbk,25.0,35.811,-5.33,28.856,0.6981095,-1.76,,,99036299264.0
MITI,PT Mitra Investindo Tbk,354.0,125.043,2.83,4.417,2.831026,3.28,107.92683,,1327686483968.0
MKAP,PT Multikarya Asia Pasifik Raya Tbk,1135.0,104.585,13.26,36.371,10.852417,8.95,126.81564,0.44,3688749858816.0
MKPI,PT Metropolitan Kentjana Tbk,20950.0,7863.5,16.96,0.02,2.664208,1303.97,16.06632,4.53,19864664145920.0
MKTR,PT Menthobi Karyatama Raya Tbk,121.0,56.116,11.41,103.151,2.1562476,4.71,25.690022,1.54,1459311869952.0
MLBI,PT Multi Bintang Indonesia Tbk,6850.0,524.325,122.22,9.278,13.064416,612.86,11.177104,8.19,14432950288384.0
MLIA,PT Mulia Industrindo Tbk,212.0,792.002,-3.64,17.072,0.2676761,-29.08,,,1402379960320.0
MLPL,PT Multipolar Tbk,77.0,311.896,-0.84,32.123,0.24687716,-2.91,,,1202228822016.0
MLPT,PT Multipolar Technology Tbk,940.0,15.822,53.88,28.71,59.41095,7.78,120.82262,0.56,44062501502976.0
MMIX,PT Multi Medika Internasional Tbk,940.0,39.137,2.73,96.192,24.018192,39.24,23.955147,,4512400015360.0
MMLP,PT Mega Manunggal Property Tbk,296.0,686.851,2.44,32.74,0.43095225,14.9,19.865772,,2039183835136.0
MNCN,PT. Media Nusantara Citra Tbk,123.0,1680.805,5.45,5.219,0.073179215,85.09,1.4455283,,1626940899328.0
MOLI,PT Madusari Murni Indah Tbk,408.0,469.913,9.95,,0.86824584,43.62,9.353508,1.76,1111406936064.0
MORA,PT Mora Telematika Indonesia Tbk,4980.0,376.79,5.2,94.139,13.216911,24.38,204.2658,,237915468726272.0
MPIX,PT Mitra Pedagang Indonesia Tbk,220.0,102.47,6.39,6.562,2.1469698,,,,343766368256.0
MPMX,PT Mitra Pinasthika Mustika Tbk,1025.0,1268.938,9.1,0.915,0.8077621,122.64,8.357795,16.59,4489319284736.0
MPOW,PT Megapower Makmur Tbk,105.0,117.698,-16.52,31.825,0.89211375,6.576,15.967153,,85784690688.0
MPPA,PT Matahari Putra Prima Tbk,38.0,-2.883,-448.71,,-13.180715,-10.0,,,1285497159680.0
MPRO,PT Maha Properti Indonesia Tbk,12000.0,79.328,-4.81,30.741,151.27068,-5.8,,,119310005567488.0
MPXL,PT MPX Logistics International Tbk,316.0,46.431,,105.376,6.805798,,,,632004673536.0
MRAT,PT Mustika Ratu Tbk,408.0,1350.507,0.5,18.837,0.30210876,7.47,54.618477,,174623997952.0
MSIE,PT Multisarana Intan Eduka Tbk,117.0,77.776,1.15,1.548,1.50432,,,,170820911104.0
MSIN,PT MNC Digital Entertainment Tbk,180.0,112.777,14.47,3.655,1.5960702,15.2,11.842106,,10921711763456.0
MSJA,PT Multi Spunindo Jaya Tbk,835.0,0.014,6.91,16.198,59642.855,15.0,55.666668,1.79,4786407604224.0
MSKY,PT MNC Sky Vision Tbk,46.0,71.019,-1.4,18.438,0.647714,-1.71,,,458705207296.0
MSTI,PT Mastersystem Infotama Tbk,1330.0,691.008,26.81,4.606,1.9247245,177.35,7.4992948,9.21,4175423602688.0
MTDL,PT Metrodata Electronics Tbk,505.0,382.388,19.57,51.813,1.3206482,68.0,7.4264708,5.35,6199826710528.0
MTEL,PT Dayamitra Telekomunikasi Tbk.,460.0,396.68,,65.49,1.1596249,27.0,17.037037,5.6,37167464185856.0
MTLA,PT Metropolitan Land Tbk,700.0,728.886,7.33,20.896,0.9603697,48.41,14.459823,1.4,5358588788736.0
MTMH,PT Murni Sadar Tbk,980.0,740.602,3.16,58.083,1.3232479,24.63,39.788876,0.24,2027156406272.0
MTWI,PT Malacca Trust Wuwungan Insurance Tbk,252.0,141.208,5.07,1.019,1.7846016,4.44,56.756756,1.64,736970670080.0
MUTU,PT Mutuagung Lestari Tbk,131.0,78.26,10.28,19.56,1.6739074,,,1.72,452241981440.0
MYOH,PT Samindo Resources Tbk,995.0,0.079,8.05,8.409,12594.937,109.1,9.120073,6.55,2195280887808.0
MYOR,PT Mayora Indah Tbk,1370.0,824.724,19.62,24.671,1.6611618,148.96,9.1971,4.27,30176557662208.0
NAIK,PT Adiwarna Anugerah Abadi Tbk,83.0,64.021,14.02,4.069,1.2964495,8.83,9.399774,3.57,276342046720.0
NANO,PT Nanotech Indonesia Global Tbk,29.0,39.722,1.62,10.558,0.730074,2.608,11.119632,,124271779840.0
NASA,PT Andalan Perkasa Abadi Tbk,45.0,99.135,-0.0,,0.45392644,-0.01,,,495221800960.0
NASI,PT Wahana Inti Makmur Tbk,187.0,68.118,-9.04,14.656,2.7452364,5.033,37.154778,,150983802880.0
NATO,PT Olympus Strategic Indonesia Tbk,1025.0,261.595,-13.02,5.866,3.9182706,-10.32,,,8201139388416.0
NAYZ,PT Hassana Boga Sejahtera Tbk,96.0,24.671,-9.24,,3.8912084,,,,244801093632.0
NCKL,PT Trimegah Bangun Persada Tbk,865.0,696.521,26.02,16.872,1.2418865,169.18,5.112898,4.9,54484503887872.0
NELY,PT Pelayaran Nelly Dwi Putri Tbk,192.0,372.541,-2.41,21.18,0.51537955,27.87,6.8891277,5.18,451200024576.0
NEST,PT Esta Indonesia Tbk,835.0,92.43,6.68,,9.033863,5.95,140.33614,,3433937408.0
NETV,PT MDTV Media Technologies Tbk,37.0,8.992,-51.47,115.654,4.114769,-5.68,,,1530339262464.0
NFCX,PT NFC Indonesia Tbk,1740.0,396.144,-4.5,51.034,4.392342,-18.18,,,1152597360640.0
NICE,PT Adhi Kartiko Pratama Tbk,346.0,34.333,-8.72,113.401,10.077767,-3.03,,,2104378916864.0
NICL,PT PAM Mineral Tbk,364.0,78.164,12.19,0.168,4.656875,9.79,37.180798,3.17,3871010717696.0
NIKL,PT Pelat Timah Nusantara Tbk,190.0,0.022,3.23,78.15,8636.363,11.98,15.859767,1.03,479436505088.0
NINE,PT Techno9 Indonesia Tbk,85.0,11.888,-32.48,16.3,7.150068,,,,183344988160.0
NIRO,PT City Retail Developments Tbk,170.0,75.339,-11.74,171.415,2.2564676,-10.52,,,3773808246784.0
NISP,PT Bank OCBC NISP Tbk,1240.0,1933.859,12.22,,0.64120495,227.55,5.449352,3.63,28452168138752.0
NOBU,PT Bank Nationalnobu Tbk,500.0,595.293,14.07,,0.8399225,77.74,6.4316955,,3739222016000.0
NPGF,PT Nusa Palapa Gemilang Tbk,44.0,74.418,2.11,76.358,0.59125483,0.03,1466.6667,0.68,142570373120.0
NRCA,PT Nusa Raya Cipta Tbk,550.0,544.707,14.82,24.898,1.0097172,77.0,7.142857,7.02,1372942106624.0
NSSS,PT Nusantara Sawit Sejahtera Tbk,735.0,95.565,33.81,70.173,7.6911,27.33,26.893524,1.32,17494153625600.0
NTBK,PT Nusatama Berkah Tbk,71.0,32.847,,9.938,2.161537,0.224,316.96426,0.07,191704596480.0
NZIA,PT Nusantara Almazia Tbk,156.0,208.392,-2.68,10.66,0.7485892,1.315,118.63117,,342816325632.0
OASA,PT Maharaksa Biru Energi Tbk,244.0,82.473,-12.37,8.915,2.958544,-10.1,,,1548721717248.0
OBAT,PT Brigit Biofarmaka Technologi Tbk,246.0,201.714,12.73,6.901,1.2195485,,,3.09,167372636160.0
OBMD,PT OBM Drilchem Tbk,186.0,262.77,7.76,0.929,0.70784336,,,,149914697728.0
OILS,PT Indo Oil Perkasa Tbk,394.0,259.727,23.85,95.862,1.5169775,,,,178898288640.0
OKAS,PT Ancora Indonesia Resources Tbk,106.0,0.007,6.57,70.501,15142.856,-0.003,,,251585609728.0
OLIV,PT Atlas Nexus Group Tbk,50.0,17.873,-21.8,0.53,2.7975159,0.913,54.764515,,95003664384.0
OMED,PT Jayamas Medica Industri Tbk,216.0,104.764,16.1,9.166,2.0617769,16.01,13.491568,1.91,5833754148864.0
OMRE,PT Indonesia Prima Property Tbk,970.0,1088.713,-5.47,6.469,0.8909602,-61.27,,,2856854487040.0
OPMS,PT Optima Prima Metal Sinergi Tbk,99.0,90.712,-8.15,,1.091366,-1.108,,,82870870016.0
PACK,PT Abadi Nusantara Hijau Investama Tbk,468.0,104.665,8.35,0.016,4.471409,16.38,28.57143,,15966325964800.0
PADA,PT Personel Alih Daya Tbk,166.0,38.927,4.29,169.041,4.2643924,,,,522900013056.0
PADI,PT Minna Padi Investama Sekuritas Tbk,42.0,12.465,-10.31,,3.3694344,-1.21,,,569885261824.0
PALM,PT Provident Investasi Bersama Tbk,278.0,318.298,11.74,66.388,0.8733954,35.99,7.7243676,1.17,4373738946560.0
PAMG,PT Bima Sakti Pertiwi Tbk,49.0,137.389,-0.11,27.569,0.35665154,-2.985,,,153124995072.0
PANI,PT Pantai Indah Kapuk Dua Tbk,4700.0,1601.552,10.49,1.571,2.9346533,143.04,32.857944,0.11,85490661326848.0
PANR,PT Panorama Sentrawisata Tbk,400.0,665.603,13.43,15.616,0.6009588,-75.046,,7.5,555000004608.0
PANS,PT Panin Sekuritas Tbk,1650.0,1988.386,12.15,2.781,0.8298188,241.67,6.827492,15.15,1173857501184.0
PART,PT Cipta Perdana Lancar Tbk,129.0,69.656,17.24,89.641,1.8519583,,,1.72,367726624768.0
PBID,PT Panca Budi Idaman Tbk,525.0,393.776,21.76,7.09,1.3332453,82.34,6.3760023,10.1,3937500135424.0
PBRX,PT Pan Brothers Tbk,28.0,0.003,-82.26,166.941,9333.333,-58.37,,,601496813568.0
PBSA,PT Paramita Bangun Sarana Tbk,800.0,253.787,34.2,0.009,3.1522496,83.43,9.588877,7.59,2387909017600.0
PCAR,PT Prima Cakrawala Abadi Tbk,80.0,64.355,-4.86,32.838,1.2431046,-3.27,,,93333340160.0
PDES,PT Destinasi Tirta Nusantara Tbk,380.0,151.506,,121.193,2.5081515,-84.2,,0.26,271700000768.0
PDPP,PT Primadaya Plastisindo Tbk,322.0,154.538,16.18,36.285,2.08363,22.8,14.1228075,0.69,985751945216.0
PEGE,PT Panca Global Kapital Tbk,127.0,48.213,-43.75,,2.6341443,-24.18,,,479791939584.0
PEHA,PT Phapros Tbk,286.0,495.3,9.59,161.774,0.57742786,48.0,5.9583335,1.76,240240001024.0
PEVE,PT. Penta Valent Tbk,330.0,213.557,16.31,112.085,1.5452548,,,,582656262144.0
PGAS,PT Perusahaan Gas Negara (Persero) Tbk,1420.0,0.117,10.09,29.053,12136.752,159.54,8.90059,8.85,34422942334976.0
PGEO,PT Pertamina Geothermal Energy Tbk,1010.0,0.048,7.51,36.958,21041.666,62.29,16.214481,4.94,42363485421568.0
PGJO,PT Bahtera Bumi Raya Tbk,905.0,3.458,-6.99,152.596,261.71198,-15.817,,,720252436480.0
PGLI,PT Pembangunan Graha Lestari Indah Tbk,396.0,26.875,-10.74,112.592,14.734883,-3.28,,,193248002048.0
PGUN,PT Pradiksi Gunatama Tbk,9175.0,335.109,6.35,15.641,27.37915,20.68,443.66537,0.07,52644764712960.0
PICO,PT Pelangi Indah Canindo Tbk,162.0,374.115,1.35,50.137,0.43302193,-1.51,,,92076744704.0
PIPA,PT Oxala Energy International Tbk,148.0,18.739,-16.57,23.133,7.897967,-5.05,,,50689998848.0
PJAA,PT Pembangunan Jaya Ancol Tbk,452.0,1125.034,9.04,42.036,0.4017656,99.27,4.553239,5.74,723199983616.0
PJHB,PT Pelayaran Jaya Hidup Baru TBK,160.0,227.934,,2.417,0.7019576,,,,307307610112.0
PKPK,PT Paragon Karya Perkasa Tbk,6750.0,271.473,40.43,62.808,24.864351,79.38,85.03402,,8100000038912.0
PLAN,PT Planet Properindo Jaya Tbk,73.0,58.735,-4.5,42.137,1.2428705,-1.114,,,65459798016.0
PMJS,PT Putra Mandiri Jembar Tbk,140.0,203.429,7.38,3.733,0.6882008,14.49,9.661836,2.54,1925784010752.0
PMUI,PT Prima Multi Usaha Indonesia Tbk,101.0,71.117,12.15,5.166,1.420195,,,5.1,585800024064.0
PNBN,PT Bank Pan Indonesia Tbk,835.0,2215.473,5.07,,0.3768947,114.25,7.308534,5.06,20100012834816.0
PNBS,PT Bank Panin Dubai Syariah Tbk,43.0,77.527,2.53,,0.5546455,2.03,21.182266,,1668986699776.0
PNGO,PT AEP Pinago Plantations Tbk,3520.0,1617.325,28.02,18.696,2.1764333,416.36,8.454223,6.3,2749999874048.0
PNIN,PT Paninvest Tbk,680.0,5451.011,5.05,,0.12474749,264.72,2.5687518,,2766460157952.0
PNLF,PT Panin Financial Tbk,196.0,985.585,5.23,,0.19886667,54.9,3.5701275,,6276326621184.0
PNSE,PT Pudjiadi and Sons Tbk,444.0,134.318,-4.9,11.758,3.3055885,-39.21,,,354229190656.0
POLA,PT Pool Advista Finance Tbk,110.0,66.642,2.63,,1.6506108,1.93,56.99482,,368618307584.0
POLI,PT Pollux Hotels Group Tbk,880.0,1065.024,3.14,64.125,0.8262724,33.19,26.514011,,1769263333376.0
POLU,PT Golden Flower Tbk,15000.0,162.938,-12.22,39.121,92.059555,-20.68,,,11249999937536.0
PORT,PT Nusantara Pelabuhan Handal Tbk,945.0,444.121,13.65,67.627,2.1277986,55.52,17.020893,,2659175104512.0
POWR,PT Cikarang Listrindo Tbk,970.0,0.045,9.87,48.847,21555.555,73.4,13.215259,7.64,15375954608128.0
PPRE,PT PP Presisi Tbk,90.0,90.718,-54.03,99.613,0.99208534,-159.43,,,920184422400.0
PPRI,PT Paperocks Indonesia Tbk,180.0,91.859,2.81,16.023,1.9595249,,,,193504919552.0
PPRO,PT Pembangunan Perumahan Properti Tbk,20.0,-69.131,-64.55,17.923,-0.28930584,-86.22,,,1233513480192.0
PRAY,PT Famon Awal Bros Sedaya Tbk,775.0,235.79,5.46,56.421,3.286823,13.42,57.749626,,10818551808000.0
PRDA,PT Prodia Widyahusada Tbk,3010.0,2629.325,9.22,0.896,1.1447805,238.52,12.619487,5.46,2678224322560.0
PRDL,PT Prodia Diagnostic Line Tbk,177.0,60.837,,133.847,2.9094136,,,,308493287424.0
PRIM,PT Royal Prima Tbk,130.0,277.386,-2.02,,0.468661,-5.64,,,439181606912.0
PSAB,PT J Resources Asia Pasifik Tbk,520.0,0.016,48.46,15.292,32499.998,123.18,4.2214646,5.71,13759200362496.0
PSAT,PT Pancaran Samudera Transport Tbk,835.0,881.43,-2.9,13.407,0.9473242,-26.58,,,1237764800512.0
PSDN,PT Prasidha Aneka Niaga Tbk,124.0,32.564,67.76,,3.8078861,5.14,24.124514,,178560008192.0
PSGO,PT Palma Serasih Tbk,193.0,147.797,15.12,5.019,1.3058453,21.11,9.142586,3.09,3638050160640.0
PSKT,PT Red Planet Indonesia Tbk,228.0,30.676,-3.52,,7.4325204,-1.06,,,2360080859136.0
PSSI,PT IMC Pelita Logistik Tbk,368.0,0.029,-2.12,7.174,12689.655,-9.77,,1.38,1884597649408.0
PTBA,PT Bukit Asam (Persero) Tbk,3380.0,2190.829,21.11,11.782,1.542795,412.0,8.203883,3.37,38918527385600.0
PTIS,PT Indo Straits Tbk,212.0,0.037,-2.03,7.323,5729.7295,-13.0,,,116635049984.0
PTMP,PT Mitra Pack Tbk,51.0,53.72,-27.06,25.988,0.94936705,-16.04,,,161629208576.0
PTPP,PT PP (Persero) Tbk,161.0,549.231,-81.62,500.628,0.29313713,-977.11,,,995839967232.0
PTPS,PT Pulau Subur Tbk,154.0,86.225,9.78,0.22,1.7860249,,,5.13,333797294080.0
PTPW,PT Pratama Widya Tbk,1120.0,785.063,8.45,4.155,1.4266372,75.327,14.868506,0.52,983570055168.0
PTRO,PT Petrosea Tbk,5150.0,0.026,11.53,258.845,198076.92,52.55,98.00191,,51943158317056.0
PTSN,PT Sat Nusapersada Tbk,382.0,0.024,12.69,21.293,15916.667,37.79,10.108494,2.64,2030079442944.0
PTSP,PT Pioneerindo Gourmet International Tbk,1075.0,863.737,14.99,32.033,1.2445918,129.2,8.320434,,237368606720.0
PUDP,PT Pudjiadi Prestige Tbk,262.0,761.802,-1.17,5.347,0.3439214,-53.827,,0.38,172689440768.0
PURA,PT Putra Rajawali Kencana Tbk,38.0,82.605,2.3,26.391,0.46002057,1.447,26.26123,,239473377280.0
PURI,PT Puri Global Sukses Tbk,142.0,90.044,1.24,181.802,1.5770068,5.447,26.069395,,141999996928.0
PWON,PT Pakuwon Jati Tbk,270.0,474.337,10.03,22.075,0.56921554,46.02,5.8670144,4.89,13003092131840.0
PYFA,PT Pyridam Farma Tbk,236.0,60.888,-39.27,598.939,3.875969,-29.56,,,2651873345536.0
PZZA,PT Sarimelati Kencana Tbk,191.0,345.08,1.68,33.549,0.5534949,6.18,30.906149,0.92,574048698368.0
RAAM,PT Tripar Multivision Plus Tbk,160.0,180.756,-9.83,19.788,0.8851712,-18.53,,,1090179235840.0
RAJA,PT Rukun Raharja Tbk,675.0,0.01,19.9,112.726,67500.0,30.87,21.865889,1.17,14266403913728.0
RALS,PT Ramayana Lestari Sentosa Tbk,378.0,565.217,6.93,12.133,0.6687697,39.82,9.492718,13.23,2318945746944.0
RANC,PT Supra Boga Lestari Tbk,550.0,158.559,-12.41,171.692,3.4687402,-21.0,,,860468150272.0
RANS,PT Rans Entertainmen Indonesia Tbk,178.0,33.276,,8.823,5.3492002,5.07,35.10848,,2244446519296.0
RATU,PT Raharja Energi Cepu Tbk,4120.0,0.021,43.16,241.875,196190.48,134.7,30.586489,1.07,11186022121472.0
RBMS,PT Ristia Bintang Mahkotasejati Tbk,47.0,187.433,1.73,27.002,0.25075626,-10.043,,,124842000384.0
RCCC,PT Utama Radar Cahaya Tbk,100.0,66.74,9.41,65.787,1.4983518,,,,78750007296.0
RDTX,PT Roda Vivatex Tbk,12775.0,12849.793,,,0.9941794,1556.28,8.208677,4.45,3433919938560.0
REAL,PT Repower Asia Indonesia Tbk,51.0,56.505,-0.09,,0.90257496,0.128,398.43747,0.01,338314133504.0
RELF,PT Graha Mitra Asia Tbk,41.0,43.027,2.77,9.224,0.95289004,,,0.56,234841112576.0
RELI,PT Reliance Sekuritas Indonesia Tbk,545.0,294.709,3.64,5.767,1.8492818,11.646,46.797184,,980999995392.0
RGAS,PT Kian Santang Muliatama Tbk,91.0,72.58,16.8,3.098,1.253789,,,1.17,132790296576.0
RICY,PT Ricky Putra Globalindo Tbk,69.0,341.353,-1855.15,565.179,0.2021368,-503.17,,,44278509568.0
RIGS,PT Rig Tenders Indonesia Tbk,630.0,0.073,6.28,0.033,8630.137,90.87,6.932981,,383751880704.0
RISE,PT Jaya Sukses Makmur Sentosa Tbk,595.0,172.723,5.35,19.131,3.4448218,10.87,54.737812,,9638166659072.0
RLCO,PT Abadi Lestari Indonesia Tbk,4160.0,104.005,,153.122,39.998077,13.9,299.28058,,12999999881216.0
RMKE,PT RMK Energy Tbk,340.0,88.63,17.14,55.154,3.836173,15.28,22.251308,1.72,7437499760640.0
RMKO,PT Royaltama Mulia Kontraktorindo Tbk,272.0,104.647,-27.2,44.904,2.5992143,-32.94,,,428868009984.0
ROCK,PT Rockfields Properti Indonesia Tbk.,2800.0,582.597,3.67,0.208,4.806067,18.71,149.6526,,4018518360064.0
RODA,PT Pikko Land Development Tbk,44.0,136.831,-3.38,47.763,0.32156458,-5.1,,,598053683200.0
RONY,PT Aesler Grup Internasional Tbk,1570.0,1.82,-72.07,2039.742,862.6373,-3.32,,,1962500030464.0
ROTI,PT Nippon Indosari Corpindo Tbk,565.0,283.743,10.93,62.37,1.9912385,33.76,16.735783,14.04,3176585756672.0
RSCH,PT Charlie Hospital Semarang Tbk,590.0,45.469,-12.07,51.346,12.975873,,,,1563499954176.0
RSGK,PT Kedoya Adyaraya Tbk,1045.0,911.913,4.1,13.34,1.1459426,36.58,28.567522,,971510382592.0
RUIS,PT Radiant Utama Interinsco Tbk,196.0,733.431,2.37,86.937,0.26723713,17.44,11.238532,3.08,150920003584.0
RUNS,PT Global Sukses Solusi Tbk,74.0,53.52,-15.39,22.146,1.3826606,-12.858,,,72584331264.0
SAFE,PT Steady Safe Tbk,725.0,94.6,73.11,1.456,7.663848,52.16,13.89954,,595375423488.0
SAGE,PT Saptausaha Gemilangindah Tbk,33.0,35.426,-0.31,6.829,0.93151927,-0.11,,,265106407424.0
SAME,PT Sarana Meditama Metropolitan Tbk,292.0,222.905,0.7,24.078,1.3099751,1.18,247.45764,,5012072693760.0
SAMF,"PT Saraswanti Anugerah Makmur, Tbk",336.0,180.036,17.08,79.325,1.8662934,26.75,12.560748,3.07,3444000161792.0
SAPX,PT Satria Antaran Prima Tbk,434.0,254.765,0.92,80.265,1.7035307,2.24,193.75,,361666641920.0
SATU,PT Kota Satu Properti Tbk,244.0,32.518,-2.25,285.185,7.503536,-13.127,,,335500017664.0
SBMA,PT Surya Biru Murni Acetylene Tbk,109.0,259.229,3.0,14.074,0.42047763,11.816,9.22478,0.93,101361967104.0
SCCO,PT Supreme Cable Manufacturing & Commerce Tbk,2760.0,6975.638,5.99,,0.39566272,408.41,6.7579145,3.69,2269640654848.0
SCMA,PT Surya Citra Media Tbk,179.0,99.438,13.56,10.278,1.8001165,15.55,11.511254,11.6,11378081398784.0
SCNP,PT Selaras Citra Nusantara Perkasa Tbk,164.0,151.803,5.33,7.108,1.0803477,-1.999,,2.61,378457096192.0
SDMU,PT Sidomulyo Selaras Tbk,70.0,34.133,-12.75,41.68,2.0508013,-5.47,,,157548380160.0
SDPC,PT Millennium Pharmacon International Tbk,200.0,259.941,13.15,286.273,0.76940536,33.77,5.922416,1.54,254800003072.0
SDRA,PT Bank Woori Saudara Indonesia 1906 Tbk,206.0,758.639,-4.41,,0.2715389,-37.43,,,3026591154176.0
SEMA,PT Semacom Integrated Tbk,450.0,121.292,5.23,21.797,3.710055,17.471,25.756968,,606266523648.0
SFAN,PT Surya Fajar Capital Tbk,1990.0,70.237,-17.06,44.825,28.332645,-14.02,,,2706268749824.0
SGER,PT Sumber Global Energy Tbk,765.0,156.991,9.14,95.007,4.872891,14.69,52.076244,,11923985793024.0
SGRO,PT Prime Agri Resources Tbk,4390.0,2818.529,5.64,22.088,1.5575501,233.06,18.836351,4.39,7983750184960.0
SHID,PT Hotel Sahid Jaya International Tbk,650.0,631.959,-1.25,55.224,1.0285478,-7.95,,,727562059776.0
SHIP,PT Sillo Maritime Perdana Tbk,2550.0,0.056,7.51,154.332,45535.71,97.84,26.062962,1.37,6935464640512.0
SICO,PT Sigma Energy Compressindo Tbk,116.0,147.118,9.51,28.618,0.7884827,9.489,12.224681,4.31,105569017856.0
SIDO,PT Industri Jamu dan Farmasi Sido Muncul Tbk,354.0,101.755,30.4,0.053,3.4789445,32.3,10.959753,10.45,10420060422144.0
SILO,PT Siloam International Hospitals Tbk,1920.0,791.592,13.11,23.241,2.425492,95.2,20.168068,,24936880013312.0
SIMP,PT Salim Ivomas Pratama Tbk,570.0,1349.05,11.79,34.035,0.42251953,140.0,4.071429,4.48,8835747020800.0
SINI,PT Singaraja Putra Tbk,16750.0,-260.425,,,-64.31795,869.01,19.274807,,20141874085888.0
SIPD,PT Sreeya Sewu Indonesia Tbk,795.0,643.379,-0.81,77.837,1.2356635,-5.22,,,1462086139904.0
SKBM,PT Sekar Bumi Tbk,490.0,599.711,13.3,60.447,0.81706023,78.07,6.2764187,,847750561792.0
SKLT,PT Sekar Laut Tbk,197.0,123.408,12.93,39.127,1.5963309,17.73,11.111112,4.08,1228892930048.0
SKRN,PT Superkrane Mitra Utama Tbk,392.0,85.852,30.59,38.175,4.5659976,25.03,15.661206,4.57,2790255755264.0
SLIS,PT Gaya Abadi Sempurna Tbk,76.0,128.195,-6.19,17.812,0.5928468,-10.02,,,187215970304.0
SMAR,PT Sinar Mas Agro Resources and Technology Tbk,8400.0,8397.629,18.35,74.165,1.0002824,1412.17,5.9482923,3.18,24126423040000.0
SMBR,PT Semen Baturaja (Persero) Tbk,153.0,342.372,3.46,12.228,0.44688234,11.07,13.821138,2.28,1519677865984.0
SMDM,PT Suryamas Dutamakmur Tbk,474.0,489.666,0.54,0.942,0.9680068,3.81,124.409454,,2261993390080.0
SMDR,PT Samudera Indonesia Tbk,414.0,0.034,10.33,67.026,12176.47,51.38,8.05761,2.8,6779498397696.0
SMGA,PT Sumber Mineral Global Abadi Tbk,86.0,54.043,18.25,14.434,1.5913254,,,,752500015104.0
SMGR,PT Semen Indonesia (Persero) Tbk,1545.0,6465.294,0.73,16.849,0.23896825,56.0,27.589285,1.84,10406416351232.0
SMIL,PT Sarana Mitra Luas Tbk,480.0,91.449,9.86,47.265,5.2488275,8.66,55.427254,,4180641054720.0
SMKL,PT Satyamitra Kemas Lestari Tbk,154.0,303.532,3.94,129.446,0.50736,32.982,4.669214,1.97,526385152000.0
SMKM,PT Sumber Mas Konstruksi Tbk,100.0,160.536,-3.21,,0.62291324,14.543,6.87616,,125299990528.0
SMLE,PT Sinergi Multi Lestarindo Tbk,316.0,44.566,-6.33,46.261,7.0906067,,,,735696388096.0
SMMA,PT Sinar Mas Multiartha Tbk,20150.0,4136.45,11.06,52.708,4.8713264,472.46,42.649113,,128308440203264.0
SMMT,PT Golden Eagle Energy Tbk,3240.0,0.011,7.22,88.79,294545.47,21.71,149.23999,,11097000116224.0
SMRA,PT Summarecon Agung Tbk,236.0,720.447,6.78,91.979,0.3275744,36.06,6.5446477,2.08,3896022138880.0
SMSM,PT Selamat Sempurna Tbk,1705.0,696.11,28.83,3.58,2.4493256,200.17,8.51776,9.44,9818541654016.0
SNLK,PT Sunter Lakeside Hotel Tbk,244.0,357.831,-0.9,17.399,0.68188614,-18.551,,,109799997440.0
SOCI,PT Soechi Lines Tbk,600.0,0.06,5.03,46.345,10000.0,50.61,11.855365,0.32,4235399790592.0
SOFA,PT Solusi Environment Asia Tbk,224.0,20.106,-29.3,1.097,11.140952,-2.134,,,370400690176.0
SOHO,PT Soho Global Health Tbk,1350.0,193.402,26.47,0.183,6.9802794,53.38,25.29037,5.3,17133770637312.0
SOLA,PT Xolare RCR Energy TBK,80.0,57.795,18.24,26.021,1.3842028,,,,262990004224.0
SONA,PT Sona Topas Tourism Industry Tbk,3180.0,1098.058,13.83,13.782,2.8960218,144.52,22.003874,1.62,2106432028672.0
SOSS,PT Alsok Indonesia Services Tbk,990.0,168.684,-10.05,46.581,5.868962,44.231,22.382492,,791826989056.0
SOTS,PT Satria Mega Kencana Tbk,625.0,170.056,,78.825,3.6752598,-11.49,,,625002479616.0
SPMA,PT Suparma Tbk,165.0,473.955,3.63,35.923,0.34813434,16.86,9.786476,,879517630464.0
SPRE,PT Soraya Berjaya Indonesia Tbk,91.0,62.579,2.08,5.331,1.454162,,,,72800002048.0
SPTO,PT Surya Pertiwi Tbk,610.0,635.008,11.84,8.191,0.96061784,95.38,6.395471,11.48,1647000027136.0
SQMI,PT Wilton Makmur Indonesia Tbk.,106.0,6.286,-16.67,207.93,16.862871,-0.41,,,1646984691712.0
SRAJ,PT Sejahteraraya Anugrahjaya Tbk,12925.0,88.999,-29.49,543.558,145.22635,-30.76,,,158188561235968.0
SRSN,PT Indo Acidatama Tbk,142.0,145.393,15.27,1.609,0.97666323,22.42,6.3336306,0.79,854839984128.0
SRTG,PT Saratoga Investama Sedaya Tbk,1760.0,3960.793,6.34,2.138,0.44435546,245.0,7.1836734,5.85,23847707344896.0
SSIA,PT Surya Semesta Internusa Tbk,1710.0,1229.144,5.96,29.171,1.3912121,44.24,38.6528,0.28,8045976354816.0
SSMS,PT Sawit Sumbermas Sarana Tbk.,1070.0,255.011,49.6,337.487,4.1958976,144.22,7.4192204,7.85,10191749775360.0
SSTM,PT Sunson Textile Manufacturer Tbk,420.0,171.876,-4.68,,2.443622,-8.65,,,491781849088.0
STAA,PT Sumber Tani Agung Resources Tbk,1235.0,588.822,29.99,24.32,2.097408,160.49,7.6951833,6.02,13456844521472.0
STAR,PT Calculus Global Ventures Tbk,408.0,113.918,4.9,0.144,3.5815237,5.44,75.0,,1958400229376.0
STRK,PT Lovina Beach Brewery Tbk,62.0,10.437,-12.45,3.108,5.940404,-1.05,,,664753864704.0
STTP,PT Siantar Top Tbk,9000.0,6026.107,16.94,,1.4935015,944.52,9.528649,,11789999800320.0
SULI,PT SLJ Global Tbk,78.0,0.002,-26.11,56.322,39000.0,-8.4,,,493020577792.0
SUNI,PT Sunindo Pratama Tbk,650.0,366.497,19.44,18.822,1.7735479,67.36,9.649644,1.6,1564160032768.0
SUPA,PT Super Bank Indonesia Tbk,490.0,243.543,3.85,,2.011965,8.43,58.12574,,16609538211840.0
SURE,PT Super Energy Tbk,2900.0,-214.739,-1.15,584.906,-13.504766,1.57,1847.1337,,4342972940288.0
SURI,PT Maja Agung Latexindo Tbk,85.0,54.647,0.27,0.377,1.5554377,0.15,566.6666,,538421854208.0
SWID,PT Saraswanti Indoland Development Tbk,108.0,50.104,11.08,68.939,2.1555166,,,2.09,581582061568.0
TALF,PT Tunas Alfin Tbk,640.0,967.347,4.88,19.649,0.66160333,15.21,42.07758,1.2,866198421504.0
TAMA,PT Lancartama Sejati Tbk,194.0,-51.647,,,-3.7562685,-3.556,,,232800124928.0
TAMU,PT Pelayaran Tamarin Samudra Tbk,27.0,0.0,-8.93,76.319,,-7.25,,,1012499939328.0
TAPG,PT Triputra Agro Persada Tbk,2010.0,576.332,35.97,9.035,3.4875734,203.78,9.863579,9.95,39903605817344.0
TARA,PT Agung Semesta Sejahtera Tbk,42.0,103.355,-0.46,,0.4063664,-0.48,,,422925107200.0
TAXI,PT Express Transindo Utama Tbk,15.0,3.724,-34.6,,4.027927,-1.41,,,153354698752.0
TBIG,PT Tower Bersama Infrastructure Tbk,1425.0,572.45,12.45,220.835,2.4893003,64.24,22.182442,3.29,32134624444416.0
TBLA,PT Tunas Baru Lampung Tbk,600.0,1610.387,9.52,197.4,0.37258124,146.85,4.0858016,9.84,3602490851328.0
TBMS,PT Tembaga Mulia Semanan Tbk,1200.0,0.105,5.66,80.958,11428.572,0.019,63157.9,2.39,881616027648.0
TCID,PT. Mandom Indonesia Tbk,2440.0,4499.189,-0.71,0.35,0.54231995,-32.13,,1.52,981205385216.0
TCPI,PT Transcoal Pacific Tbk,1210.0,429.799,6.65,59.254,2.8152695,25.42,47.600315,0.51,6049999880192.0
TEBE,PT Dana Brata Luhur Tbk,2690.0,807.042,11.65,,3.33316,97.37,27.626577,5.8,3456649920512.0
TFAS,PT Telefast Indonesia Tbk,180.0,100.065,-12.54,27.656,1.7988307,-12.67,,,299861344256.0
TFCO,PT Tifico Fiber Indonesia Tbk,825.0,0.065,-0.51,0.279,12692.309,-5.58,,,3979037900800.0
TGKA,PT Tigaraksa Satria Tbk,4860.0,2655.131,18.26,7.813,1.8304181,461.0,10.542299,6.47,4463874539520.0
TGUK,PT Platinum Wahab Nusantara Tbk,108.0,21.379,-13.14,7.115,5.0516863,,,,385716813824.0
TIFA,PT KDB Tifa Finance Tbk,314.0,344.224,5.8,55.993,0.9121967,18.76,16.73774,1.22,1115394932736.0
TINS,PT TIMAH Tbk,4620.0,1416.162,41.79,11.568,3.2623386,494.64,9.340126,1.89,34408620883968.0
TIRA,PT Tira Austenite Tbk,312.0,309.064,4.41,73.748,1.0094997,3.736,83.51177,,183456006144.0
TKIM,PT Pabrik Kertas Tjiwi Kimia Tbk,7275.0,1.031,14.71,23.331,7056.256,2383.55,3.05217,0.41,22648702631936.0
TLDN,PT Teladan Prima Agro Tbk,600.0,285.142,31.12,21.329,2.1042147,84.12,7.1326675,9.03,7767918116864.0
TLKM,Perusahaan Perseroan (Persero) PT Telekomunikasi Indonesia Tbk,2310.0,1200.364,17.68,59.982,1.9244162,172.32,13.405292,9.79,227721967828992.0
TMAS,PT Temas Tbk.,127.0,56.964,22.14,57.949,2.2294781,11.19,11.34942,3.05,7222344548352.0
TMPO,PT Tempo Inti Media Tbk,168.0,219.857,1.59,24.959,0.7641331,4.5,37.333332,,177799987200.0
TNCA,PT Trimuda Nuansa Citra Tbk,175.0,98.929,-5.32,2.197,1.7689453,3.211,54.500156,,73786998784.0
TOBA,PT TBS Energi Utama Tbk,476.0,0.022,-34.33,214.117,21636.363,-152.35,,3.84,3955357646848.0
TOOL,PT Rohartindo Nusantara Luas Tbk,56.0,87.454,-5.53,9.895,0.64033663,,,,114801139712.0
TOSK,PT Topindo Solusi Komunika Tbk,84.0,35.785,2.17,19.067,2.3473523,,,0.55,367523266560.0
TOTL,PT Total Bangun Persada Tbk,1505.0,359.782,43.75,0.397,4.1830883,148.45,10.138094,7.26,5132049711104.0
TOTO,PT Surya Toto Indonesia Tbk,240.0,244.409,10.74,8.306,0.9819606,26.13,9.184845,10.83,2476799950848.0
TOWR,PT Sarana Menara Nusantara Tbk.,440.0,491.135,16.14,156.508,0.895884,68.0,6.470588,3.22,25613096189952.0
TPIA,PT Chandra Asri Pacific Tbk,1725.0,0.046,3.92,119.069,37500.0,11.11,155.26553,0.34,149151262179328.0
TPMA,PT Trans Power Marine Tbk,442.0,0.038,8.78,84.203,11631.579,55.67,7.939645,9.29,1545444261888.0
TRGU,PT Cerestar Indonesia Tbk,162.0,123.53,4.37,193.171,1.3114223,1.35,120.0,,1287156793344.0
TRIM,PT Trimegah Sekuritas Indonesia Tbk,780.0,329.068,36.03,144.178,2.3703308,100.72,7.744241,0.13,5545254191104.0
TRIN,PT Perintis Triniti Properti Tbk,278.0,135.753,1.57,195.163,2.0478368,4.29,64.801865,,1248612188160.0
TRIS,PT Trisula International Tbk,170.0,173.897,14.18,28.788,0.97759014,3.677,46.23334,5.86,525845921792.0
TRJA,PT Transkon Jaya Tbk,119.0,257.66,0.07,75.92,0.46184894,32.128,3.7039344,,179713802240.0
TRON,PT Teknologi Karya Digital Nusa Tbk,80.0,60.482,-15.02,23.423,1.3227077,,,,236106285056.0
TRST,PT Trias Sentosa Tbk,498.0,1001.143,4.13,71.319,0.49743143,41.67,11.951044,1.04,1398383968256.0
TRUE,PT Triniti Dinamik Tbk,64.0,27.96,-16.27,167.184,2.2889843,-5.11,,,484550901760.0
TRUK,PT Guna Timur Raya Tbk,2580.0,84.714,-16.79,25.68,30.455416,-9.934,,,1122299936768.0
TRUS,PT Trust Finance Indonesia Tbk,452.0,521.905,,0.059,0.86605793,26.915,16.79361,13.16,361599991808.0
TSPC,PT Tempo Scan Pacific Tbk,2650.0,2159.209,15.39,11.887,1.2273014,327.75,8.085431,5.6,11951140765696.0
TUGU,PT Asuransi Tugu Pratama Indonesia Tbk,1525.0,2582.325,9.1,8.369,0.5905531,234.0,6.517094,6.6,5422252556288.0
TYRE,PT King Tire Indonesia Tbk,109.0,97.917,4.67,61.89,1.1131877,,,,379383382016.0
UANG,PT Pakuan Tbk,3160.0,268.443,10.49,161.597,11.771586,50.38,62.7233,,3823599878144.0
UCID,PT Uni-Charm Indonesia Tbk,490.0,1143.789,-19.54,20.366,0.42840073,327.0,1.4984709,1.36,2036720467968.0
UDNG,PT Agro Bahari Nusantara Tbk,426.0,27.538,-13.88,1.087,15.469533,-4.11,,,745517088768.0
UFOE,PT Damai Sejahtera Abadi Tbk,143.0,87.468,,54.113,1.6348835,5.332,26.819206,,414451433472.0
ULTJ,PT Ultrajaya Milk Industry & Trading Company Tbk,2070.0,762.302,23.41,0.506,2.715459,172.88,11.973623,6.28,21524222312448.0
UNIC,PT Unggul Indah Cahaya Tbk,15000.0,0.811,17.95,1.757,18495.686,2470.95,6.07054,11.08,5749970305024.0
UNIQ,PT Ulima Nitra Tbk,129.0,153.457,5.67,25.499,0.84062636,8.03,16.064758,,404928790528.0
UNSP,PT Bakrie Sumatera Plantations Tbk,368.0,-2215.36,,,-0.16611294,-107.69,,,6673087332352.0
UNTD,PT Terang Dunia Internusa Tbk,74.0,75.884,-16.32,113.058,0.9751726,-13.13,,,493333315584.0
UNTR,PT United Tractors Tbk,25350.0,26877.389,7.44,27.593,0.943172,2114.01,11.991428,6.4,88549919555584.0
UNVR,PT Unilever Indonesia Tbk,1590.0,79.588,133.37,18.102,19.977886,90.71,17.528387,14.29,60390159417344.0
URBN,PT Urban Jakarta Propertindo Tbk.,308.0,276.351,,46.881,1.1145246,-55.84,,,960836206592.0
UVCR,PT Trimegah Karya Pratama Tbk,280.0,53.935,12.04,47.761,5.191434,3.45,81.15942,0.18,560040574976.0
VAST,PT Vastland Indonesia Tbk,107.0,132.429,,13.829,0.8079801,,,,326963855360.0
VERN,PT Verona Indah Pictures Tbk,216.0,111.101,,2.691,1.9441769,,,,1029380046848.0
VICI,PT Victoria Care Indonesia Tbk,1230.0,164.406,9.36,6.802,7.4814787,15.06,81.6733,0.74,8250839793664.0
VICO,PT Victoria Investama Tbk,153.0,243.298,3.17,,0.62885845,9.75,15.692307,5.26,2328212537344.0
VINS,PT Victoria Insurance Tbk,139.0,148.171,9.41,0.573,0.9381053,7.892,17.612772,,203019730944.0
VISI,PT Satu Visi Putra Tbk,1035.0,58.124,-3.06,0.354,17.806757,-1.67,,,3182625030144.0
VIVA,PT Visi Media Asia Tbk,42.0,5.909,-2.29,487.241,7.107802,-0.06,,,691499368448.0
VKTR,PT VKTR Teknologi Mobilitas Tbk,670.0,23.821,0.2,15.706,28.126444,-0.27,,,36375306960896.0
VOKS,PT Voksel Electric Tbk,258.0,136.726,-10.22,200.132,1.8869857,-53.017,,,1072145498112.0
VRNA,PT Mizuho Leasing Indonesia Tbk,77.0,130.819,1.75,307.727,0.5885995,0.689,111.756165,,437926232064.0
VTNY,PT Venteny Fortuna International Tbk,59.0,66.879,0.06,238.747,0.8821902,0.6,98.33333,,369646403584.0
WAPO,PT Wahana Pronatural Tbk,308.0,49.088,-13.74,0.053,6.2744455,-1.287,,,382204313600.0
WBSA,PT BSA Logistics Indonesia Tbk,610.0,,,92.567,,,,,5291749933056.0
WEGE,PT Wijaya Karya Bangunan Gedung Tbk,40.0,202.033,-32.13,10.102,0.19798745,-75.28,,,382879989760.0
WEHA,PT WEHA Transportasi Indonesia Tbk,108.0,179.822,7.88,42.475,0.6005939,14.19,7.610994,5.61,157739925504.0
WGSH,PT Wira Global Solusi Tbk,113.0,33.587,7.53,16.853,3.3643968,5.95,18.991598,,235605000192.0
WIDI,PT Widiant Jaya Krenindo Tbk,30.0,27.492,-3.96,2.051,1.0912265,,,,48000950272.0
WIFI,PT Solusi Sinergi Digital Tbk,1400.0,1406.024,16.08,115.824,0.99571556,101.69,13.767332,0.14,7431968522240.0
WIIM,PT Wismilak Inti Makmur Tbk,1540.0,1098.988,27.22,8.348,1.4012891,271.28,5.6767917,6.67,3213831962624.0
WINE,PT HATTEN BALI Tbk,129.0,126.31,10.84,21.493,1.0212969,13.16,9.802432,2.76,349590028288.0
WINR,PT Winner Nusantara Jaya Tbk,26.0,70.489,3.64,24.454,0.3688519,907.823,0.028639944,,136118222848.0
WINS,PT Wintermar Offshore Marine Tbk,565.0,0.04,16.35,30.026,14125.0,78.89,7.161871,1.21,2525427138560.0
WIRG,PT WIR ASIA Tbk,59.0,73.139,7.55,15.117,0.8066832,6.35,9.291339,,704378699776.0
WMPP,PT Widodo Makmur Perkasa Tbk,27.0,13.262,3.15,265.447,2.035892,1.39,19.424461,,794312966144.0
WMUU,PT Widodo Makmur Unggas Tbk,33.0,58.64,-6.34,131.203,0.5627558,-3.77,,,427058823168.0
WOMF,PT Wahana Ottomitra Multiartha Tbk,278.0,569.635,7.85,296.034,0.4880318,44.38,6.264083,4.39,967851835392.0
WOOD,PT Integra Indocabinet Tbk,188.0,724.743,1.06,61.871,0.2594023,9.15,20.54645,,1177623855104.0
WOWS,PT Ginting Jaya Energi Tbk,51.0,218.674,2.74,12.101,0.23322389,-2.104,,,126261714944.0
WTON,PT Wijaya Karya Beton Tbk,73.0,416.416,0.13,12.631,0.17530547,4.83,15.113872,0.63,636229058560.0
XCID,PT Ciptadana Asset Management - DIRE Properti Ritel Fund,47.0,,,,,,,,
XCIS,DIRE Ciptadana Properti Ritel Indonesia,78.0,,,,,,,,
XSPI,Dana Investasi Real Estat Simas Plaza Indonesia,426.0,472.729,,,0.9011505,,,,
YELO,PT Yelooo Integra Datanet Tbk,80.0,138.686,-8.05,,0.5768426,16.492,4.8508368,,153021956096.0
YOII,PT Asuransi Digital Bersama TBK,76.0,63.992,6.12,0.342,1.1876484,,,,298450714624.0
YPAS,PT Yanaprima Hastapersada Tbk,1200.0,184.809,18.53,83.511,6.4931903,36.69,32.70646,,801600045056.0
YULE,PT Yulie Sekuritas Indonesia Tbk,3580.0,393.943,11.72,0.324,9.087609,44.22,80.95884,0.28,5682486575104.0
YUPI,PT Yupi Indo Jelly Gum Tbk,1215.0,203.648,25.38,44.369,5.966177,72.42,16.777134,5.63,10381553565696.0
ZATA,PT Bersama Zatta Jaya Tbk,53.0,41.098,-22.55,31.115,1.2896005,,,,474137985024.0
ZONE,PT Mega Perintis Tbk,630.0,460.88,7.66,39.878,1.3669502,56.431,11.164077,1.92,548208017408.0
ZYRX,PT Zyrexindo Mandiri Buana Tbk,127.0,232.68,6.84,109.194,0.54581404,52.08,2.438556,3.83,169333489664.0
